time,frame_hex,roll_raw,pitch_raw,yaw_raw,roll_deg,pitch_deg,yaw_deg,delta_yaw_deg,yaw_unwrapped_deg,radar_az_unwrapped_deg,radar_az_wrapped_deg,radar_el_deg,gyro_time,gyro_x_raw,gyro_y_raw,gyro_z_raw,gyro_x_deg_s,gyro_y_deg_s,gyro_z_deg_s
1783152823.690578,55 53 f9 ff 0f 00 fc 02 75 09 2b,-7,15,764,-0.0384521484375,0.0823974609375,4.19677734375,0.0,4.19677734375,0.0,0.0,0.0823974609375,1783152823.6784668,0,0,0,0.0,0.0,0.0
1783152823.7905693,55 53 f9 ff 0f 00 fc 02 75 09 2b,-7,15,764,-0.0384521484375,0.0823974609375,4.19677734375,0.0,4.19677734375,0.0,0.0,0.0823974609375,1783152823.7781284,0,0,0,0.0,0.0,0.0
1783152823.8905692,55 53 f9 ff 0f 00 fc 02 73 09 29,-7,15,764,-0.0384521484375,0.0823974609375,4.19677734375,0.0,4.19677734375,0.0,0.0,0.0823974609375,1783152823.878189,0,0,0,0.0,0.0,0.0
1783152823.9910452,55 53 f9 ff 0f 00 fc 02 74 09 2a,-7,15,764,-0.0384521484375,0.0823974609375,4.19677734375,0.0,4.19677734375,0.0,0.0,0.0823974609375,1783152823.9784386,0,0,0,0.0,0.0,0.0
1783152824.090553,55 53 f9 ff 0f 00 fc 02 75 09 2b,-7,15,764,-0.0384521484375,0.0823974609375,4.19677734375,0.0,4.19677734375,0.0,0.0,0.0823974609375,1783152824.078465,0,0,0,0.0,0.0,0.0
1783152824.1907868,55 53 f9 ff 0f 00 fc 02 72 09 28,-7,15,764,-0.0384521484375,0.0823974609375,4.19677734375,0.0,4.19677734375,0.0,0.0,0.0823974609375,1783152824.1782813,0,0,0,0.0,0.0,0.0
1783152824.2905316,55 53 f9 ff 10 00 fc 02 75 09 2c,-7,16,764,-0.0384521484375,0.087890625,4.19677734375,0.0,4.19677734375,0.0,0.0,0.087890625,1783152824.2780256,0,0,0,0.0,0.0,0.0
1783152824.3903735,55 53 f9 ff 10 00 fc 02 77 09 2e,-7,16,764,-0.0384521484375,0.087890625,4.19677734375,0.0,4.19677734375,0.0,0.0,0.087890625,1783152824.377904,0,0,0,0.0,0.0,0.0
1783152824.4908597,55 53 f9 ff 10 00 fc 02 71 09 28,-7,16,764,-0.0384521484375,0.087890625,4.19677734375,0.0,4.19677734375,0.0,0.0,0.087890625,1783152824.4788926,0,0,0,0.0,0.0,0.0
1783152824.5905676,55 53 fa ff 10 00 fc 02 74 09 2c,-6,16,764,-0.032958984375,0.087890625,4.19677734375,0.0,4.19677734375,0.0,0.0,0.087890625,1783152824.578101,0,0,0,0.0,0.0,0.0
1783152824.690691,55 53 fa ff 10 00 fc 02 75 09 2d,-6,16,764,-0.032958984375,0.087890625,4.19677734375,0.0,4.19677734375,0.0,0.0,0.087890625,1783152824.6779552,0,0,0,0.0,0.0,0.0
1783152824.7906885,55 53 fa ff 11 00 fc 02 75 09 2e,-6,17,764,-0.032958984375,0.0933837890625,4.19677734375,0.0,4.19677734375,0.0,0.0,0.0933837890625,1783152824.7782462,0,0,0,0.0,0.0,0.0
1783152824.8906956,55 53 fa ff 11 00 fc 02 74 09 2d,-6,17,764,-0.032958984375,0.0933837890625,4.19677734375,0.0,4.19677734375,0.0,0.0,0.0933837890625,1783152824.8779812,0,0,0,0.0,0.0,0.0
1783152824.9911256,55 53 f9 ff 0f 00 56 03 75 09 86,-7,15,854,-0.0384521484375,0.0823974609375,4.691162109375,0.494384765625,4.691162109375,-0.494384765625,359.505615234375,0.0823974609375,1783152824.9785697,1,-1,132,0.06103515625,-0.06103515625,8.056640625
1783152825.0911145,55 53 f7 ff 0d 00 86 03 72 09 af,-9,13,902,-0.0494384765625,0.0714111328125,4.954833984375,0.263671875,4.954833984375,-0.758056640625,359.241943359375,0.0714111328125,1783152825.0785913,0,0,-1,0.0,0.0,-0.06103515625
1783152825.190687,55 53 f7 ff 0d 00 87 03 73 09 b1,-9,13,903,-0.0494384765625,0.0714111328125,4.9603271484375,0.0054931640625,4.9603271484375,-0.7635498046875,359.2364501953125,0.0714111328125,1783152825.178093,-1,0,1,-0.06103515625,0.0,0.06103515625
1783152825.290637,55 53 f7 ff 0c 00 b2 03 74 09 dc,-9,12,946,-0.0494384765625,0.06591796875,5.196533203125,0.2362060546875,5.196533203125,-0.999755859375,359.000244140625,0.06591796875,1783152825.2779665,0,-2,2,0.0,-0.1220703125,0.1220703125
1783152825.390598,55 53 f7 ff 0d 00 b2 03 77 09 e0,-9,13,946,-0.0494384765625,0.0714111328125,5.196533203125,0.0,5.196533203125,-0.999755859375,359.000244140625,0.0714111328125,1783152825.3779302,1,2,-3,0.06103515625,0.1220703125,-0.18310546875
1783152825.4904327,55 53 f8 ff 0d 00 b2 03 75 09 df,-8,13,946,-0.0439453125,0.0714111328125,5.196533203125,0.0,5.196533203125,-0.999755859375,359.000244140625,0.0714111328125,1783152825.4777856,0,0,0,0.0,0.0,0.0
1783152825.590499,55 53 f8 ff 0d 00 c6 03 71 09 ef,-8,13,966,-0.0439453125,0.0714111328125,5.306396484375,0.10986328125,5.306396484375,-1.109619140625,358.890380859375,0.0714111328125,1783152825.5779681,5,3,366,0.30517578125,0.18310546875,22.3388671875
1783152825.6904688,55 53 f6 ff 09 00 68 04 78 09 93,-10,9,1128,-0.054931640625,0.0494384765625,6.1962890625,0.889892578125,6.1962890625,-1.99951171875,358.00048828125,0.0494384765625,1783152825.6778426,0,-2,9,0.0,-0.1220703125,0.54931640625
1783152825.7902288,55 53 f7 ff 09 00 6a 04 73 09 91,-9,9,1130,-0.0494384765625,0.0494384765625,6.207275390625,0.010986328125,6.207275390625,-2.010498046875,357.989501953125,0.0494384765625,1783152825.777554,0,0,0,0.0,0.0,0.0
1783152825.8910432,55 53 f5 ff 08 00 b1 04 79 09 db,-11,8,1201,-0.0604248046875,0.0439453125,6.5972900390625,0.3900146484375,6.5972900390625,-2.4005126953125,357.5994873046875,0.0439453125,1783152825.8783088,0,-2,11,0.0,-0.1220703125,0.67138671875
1783152825.9905066,55 53 f5 ff 06 00 0c 05 79 09 35,-11,6,1292,-0.0604248046875,0.032958984375,7.09716796875,0.4998779296875,7.09716796875,-2.900390625,357.099609375,0.032958984375,1783152825.9779088,1,2,180,0.06103515625,0.1220703125,10.986328125
1783152826.0906544,55 53 f4 ff 06 00 53 05 75 09 77,-12,6,1363,-0.06591796875,0.032958984375,7.4871826171875,0.3900146484375,7.4871826171875,-3.2904052734375,356.7095947265625,0.032958984375,1783152826.0781107,1,1,95,0.06103515625,0.06103515625,5.79833984375
1783152826.1903899,55 53 f3 ff 03 00 cd 05 74 09 ec,-13,3,1485,-0.0714111328125,0.0164794921875,8.1573486328125,0.670166015625,8.1573486328125,-3.9605712890625,356.0394287109375,0.0164794921875,1783152826.1778994,1,-1,112,0.06103515625,-0.06103515625,6.8359375
1783152826.290508,55 53 f1 ff 00 00 66 06 77 09 84,-15,0,1638,-0.0823974609375,0.0,8.997802734375,0.8404541015625,8.997802734375,-4.801025390625,355.198974609375,0.0,1783152826.2779222,1,1,164,0.06103515625,0.06103515625,10.009765625
1783152826.3903046,55 53 f0 ff fe ff e0 06 75 09 f8,-16,-2,1760,-0.087890625,-0.010986328125,9.66796875,0.670166015625,9.66796875,-5.47119140625,354.52880859375,-0.010986328125,1783152826.377901,1,1,146,0.06103515625,0.06103515625,8.9111328125
1783152826.4906394,55 53 ef ff fc ff 69 07 76 09 80,-17,-4,1897,-0.0933837890625,-0.02197265625,10.4205322265625,0.7525634765625,10.4205322265625,-6.2237548828125,353.7762451171875,-0.02197265625,1783152826.4779491,0,0,71,0.0,0.0,4.33349609375
1783152826.5905466,55 53 ed ff f9 ff 07 08 74 09 18,-19,-7,2055,-0.1043701171875,-0.0384521484375,11.2884521484375,0.867919921875,11.2884521484375,-7.0916748046875,352.9083251953125,-0.0384521484375,1783152826.5781028,1,-1,132,0.06103515625,-0.06103515625,8.056640625
1783152826.6907039,55 53 ec ff f5 ff a3 08 77 09 b2,-20,-11,2211,-0.10986328125,-0.0604248046875,12.1453857421875,0.85693359375,12.1453857421875,-7.9486083984375,352.0513916015625,-0.0604248046875,1783152826.6777341,1,-1,90,0.06103515625,-0.06103515625,5.4931640625
1783152826.7905505,55 53 eb ff f3 ff 3b 09 74 09 45,-21,-13,2363,-0.1153564453125,-0.0714111328125,12.9803466796875,0.8349609375,12.9803466796875,-8.7835693359375,351.2164306640625,-0.0714111328125,1783152826.7777436,1,1,167,0.06103515625,0.06103515625,10.19287109375
1783152826.8906744,55 53 e9 ff f0 ff d1 09 77 09 d9,-23,-16,2513,-0.1263427734375,-0.087890625,13.8043212890625,0.823974609375,13.8043212890625,-9.6075439453125,350.3924560546875,-0.087890625,1783152826.8781416,0,-1,79,0.0,-0.06103515625,4.82177734375
1783152826.9908822,55 53 e9 ff ee ff 46 0a 77 09 4d,-23,-18,2630,-0.1263427734375,-0.098876953125,14.447021484375,0.6427001953125,14.447021484375,-10.250244140625,349.749755859375,-0.098876953125,1783152826.978202,1,0,134,0.06103515625,0.0,8.1787109375
1783152827.0906017,55 53 e9 ff ed ff b8 0a 77 09 be,-23,-19,2744,-0.1263427734375,-0.1043701171875,15.0732421875,0.626220703125,15.0732421875,-10.87646484375,349.12353515625,-0.1043701171875,1783152827.077841,0,0,75,0.0,0.0,4.57763671875
1783152827.1907713,55 53 e8 ff ea ff 33 0b 77 09 36,-24,-22,2867,-0.1318359375,-0.120849609375,15.7489013671875,0.6756591796875,15.7489013671875,-11.5521240234375,348.4478759765625,-0.120849609375,1783152827.1782615,0,-2,109,0.0,-0.1220703125,6.65283203125
1783152827.2904074,55 53 e7 ff e7 ff b9 0b 7c 09 bd,-25,-25,3001,-0.1373291015625,-0.1373291015625,16.4849853515625,0.736083984375,16.4849853515625,-12.2882080078125,347.7117919921875,-0.1373291015625,1783152827.2777803,1,-2,158,0.06103515625,-0.1220703125,9.6435546875
1783152827.3904748,55 53 e5 ff e2 ff 4a 0c 76 09 42,-27,-30,3146,-0.1483154296875,-0.164794921875,17.281494140625,0.7965087890625,17.281494140625,-13.084716796875,346.915283203125,-0.164794921875,1783152827.3781157,0,-1,111,0.0,-0.06103515625,6.77490234375
1783152827.490447,55 53 e4 ff df ff c0 0c 77 09 b5,-28,-33,3264,-0.15380859375,-0.1812744140625,17.9296875,0.648193359375,17.9296875,-13.73291015625,346.26708984375,-0.1812744140625,1783152827.477711,0,0,77,0.0,0.0,4.69970703125
1783152827.590316,55 53 e4 ff de ff 3d 0d 72 09 2d,-28,-34,3389,-0.15380859375,-0.186767578125,18.6163330078125,0.6866455078125,18.6163330078125,-14.4195556640625,345.5804443359375,-0.186767578125,1783152827.5781326,1,0,100,0.06103515625,0.0,6.103515625
1783152827.690379,55 53 e3 ff dc ff d2 0d 75 09 c2,-29,-36,3538,-0.1593017578125,-0.19775390625,19.434814453125,0.8184814453125,19.434814453125,-15.238037109375,344.761962890625,-0.19775390625,1783152827.6775444,1,-1,84,0.06103515625,-0.06103515625,5.126953125
1783152827.7902765,55 53 e2 ff db ff 9c 0e 75 09 8b,-30,-37,3740,-0.164794921875,-0.2032470703125,20.54443359375,1.109619140625,20.54443359375,-16.34765625,343.65234375,-0.2032470703125,1783152827.7780879,3,-2,263,0.18310546875,-0.1220703125,16.05224609375
1783152827.890355,55 53 e0 ff d6 ff 97 0f 73 09 7e,-32,-42,3991,-0.17578125,-0.230712890625,21.9232177734375,1.3787841796875,21.9232177734375,-17.7264404296875,342.2735595703125,-0.230712890625,1783152827.877576,1,0,172,0.06103515625,0.0,10.498046875
1783152827.9904447,55 53 df ff d2 ff 6c 10 77 09 53,-33,-46,4204,-0.1812744140625,-0.252685546875,23.09326171875,1.1700439453125,23.09326171875,-18.896484375,341.103515625,-0.252685546875,1783152827.9776845,1,-1,146,0.06103515625,-0.06103515625,8.9111328125
1783152828.0905344,55 53 de ff d0 ff 1f 11 76 09 03,-34,-48,4383,-0.186767578125,-0.263671875,24.0765380859375,0.9832763671875,24.0765380859375,-19.8797607421875,340.1202392578125,-0.263671875,1783152828.0776303,2,2,92,0.1220703125,0.1220703125,5.615234375
1783152828.1900861,55 53 de ff d2 ff d3 11 77 09 ba,-34,-46,4563,-0.186767578125,-0.252685546875,25.0653076171875,0.98876953125,25.0653076171875,-20.8685302734375,339.1314697265625,-0.252685546875,1783152828.1776764,2,2,200,0.1220703125,0.1220703125,12.20703125
1783152828.2907178,55 53 dd ff d0 ff dc 12 79 09 c3,-35,-48,4828,-0.1922607421875,-0.263671875,26.52099609375,1.4556884765625,26.52099609375,-22.32421875,337.67578125,-0.263671875,1783152828.2777905,3,0,191,0.18310546875,0.0,11.65771484375
1783152828.3899767,55 53 dd ff cf ff b2 13 79 09 99,-35,-49,5042,-0.1922607421875,-0.2691650390625,27.696533203125,1.175537109375,27.696533203125,-23.499755859375,336.500244140625,-0.2691650390625,1783152828.3779752,1,2,125,0.06103515625,0.1220703125,7.62939453125
1783152828.4902277,55 53 db ff cf ff 8c 14 7b 09 74,-37,-49,5260,-0.2032470703125,-0.2691650390625,28.89404296875,1.197509765625,28.89404296875,-24.697265625,335.302734375,-0.2691650390625,1783152828.477692,2,0,172,0.1220703125,0.0,10.498046875
1783152828.5897508,55 53 da ff cd ff 78 15 75 09 58,-38,-51,5496,-0.208740234375,-0.2801513671875,30.1904296875,1.29638671875,30.1904296875,-25.99365234375,334.00634765625,-0.2801513671875,1783152828.5778322,2,0,190,0.1220703125,0.0,11.5966796875
1783152828.6899087,55 53 d9 ff cb ff 4f 16 79 09 31,-39,-53,5711,-0.2142333984375,-0.2911376953125,31.3714599609375,1.1810302734375,31.3714599609375,-27.1746826171875,332.8253173828125,-0.2911376953125,1783152828.6776075,2,3,178,0.1220703125,0.18310546875,10.8642578125
1783152828.78998,55 53 d8 ff c9 ff 39 17 76 09 16,-40,-55,5945,-0.2197265625,-0.3021240234375,32.6568603515625,1.285400390625,32.6568603515625,-28.4600830078125,331.5399169921875,-0.3021240234375,1783152828.7771175,1,0,180,0.06103515625,0.0,10.986328125
1783152828.8901596,55 53 d6 ff c7 ff 03 18 76 09 dd,-42,-57,6147,-0.230712890625,-0.3131103515625,33.7664794921875,1.109619140625,33.7664794921875,-29.5697021484375,330.4302978515625,-0.3131103515625,1783152828.8773315,0,1,128,0.0,0.06103515625,7.8125
1783152828.9897823,55 53 d5 ff c7 ff c7 18 75 09 9f,-43,-57,6343,-0.2362060546875,-0.3131103515625,34.8431396484375,1.07666015625,34.8431396484375,-30.6463623046875,329.3536376953125,-0.3131103515625,1783152828.9775815,2,0,207,0.1220703125,0.0,12.63427734375
1783152829.0901256,55 53 d3 ff c3 ff f5 19 75 09 c8,-45,-61,6645,-0.2471923828125,-0.3350830078125,36.5020751953125,1.658935546875,36.5020751953125,-32.3052978515625,327.6947021484375,-0.3350830078125,1783152829.0773616,3,1,218,0.18310546875,0.06103515625,13.3056640625
1783152829.1899347,55 53 d1 ff c1 ff e2 1a 78 09 b5,-47,-63,6882,-0.2581787109375,-0.3460693359375,37.803955078125,1.3018798828125,37.803955078125,-33.607177734375,326.392822265625,-0.3460693359375,1783152829.1777384,3,0,182,0.18310546875,0.0,11.1083984375
1783152829.29003,55 53 cd ff bb ff 36 1c 77 09 00,-51,-69,7222,-0.2801513671875,-0.3790283203125,39.671630859375,1.86767578125,39.671630859375,-35.474853515625,324.525146484375,-0.3790283203125,1783152829.2775314,2,-1,319,0.1220703125,-0.06103515625,19.47021484375
1783152829.389779,55 53 cb ff b8 ff 38 1d 79 09 00,-53,-72,7480,-0.2911376953125,-0.3955078125,41.0888671875,1.417236328125,41.0888671875,-36.89208984375,323.10791015625,-0.3955078125,1783152829.3778045,1,-1,165,0.06103515625,-0.06103515625,10.07080078125
1783152829.4899018,55 53 c9 ff b5 ff 56 1e 75 09 16,-55,-75,7766,-0.3021240234375,-0.4119873046875,42.659912109375,1.571044921875,42.659912109375,-38.463134765625,321.536865234375,-0.4119873046875,1783152829.47746,2,0,230,0.1220703125,0.0,14.0380859375
1783152829.5896006,55 53 c6 ff b2 ff 8b 1f 79 09 4a,-58,-78,8075,-0.318603515625,-0.428466796875,44.3572998046875,1.6973876953125,44.3572998046875,-40.1605224609375,319.8394775390625,-0.428466796875,1783152829.5775666,3,0,270,0.18310546875,0.0,16.4794921875
1783152829.689936,55 53 c3 ff ae ff e5 20 78 09 9d,-61,-82,8421,-0.3350830078125,-0.450439453125,46.2579345703125,1.900634765625,46.2579345703125,-42.0611572265625,317.9388427734375,-0.450439453125,1783152829.677196,3,-2,282,0.18310546875,-0.1220703125,17.2119140625
1783152829.789494,55 53 bf ff a8 ff 1a 22 77 09 c9,-65,-88,8730,-0.3570556640625,-0.4833984375,47.955322265625,1.6973876953125,47.955322265625,-43.758544921875,316.241455078125,-0.4833984375,1783152829.776897,1,-1,209,0.06103515625,-0.06103515625,12.75634765625
1783152829.889877,55 53 be ff a7 ff f0 22 79 09 9f,-66,-89,8944,-0.362548828125,-0.4888916015625,49.130859375,1.175537109375,49.130859375,-44.93408203125,315.06591796875,-0.4888916015625,1783152829.8775277,1,0,153,0.06103515625,0.0,9.33837890625
1783152829.9894989,55 53 bc ff a5 ff e5 23 79 09 91,-68,-91,9189,-0.37353515625,-0.4998779296875,50.4766845703125,1.3458251953125,50.4766845703125,-46.2799072265625,313.7200927734375,-0.4998779296875,1783152829.9772956,2,1,220,0.1220703125,0.06103515625,13.427734375
1783152830.0898721,55 53 b9 ff a3 ff 05 25 7b 09 b0,-71,-93,9477,-0.3900146484375,-0.5108642578125,52.0587158203125,1.58203125,52.0587158203125,-47.8619384765625,312.1380615234375,-0.5108642578125,1783152830.0771666,2,0,234,0.1220703125,0.0,14.2822265625
1783152830.1894338,55 53 b7 ff a0 ff 05 26 7d 09 ae,-73,-96,9733,-0.4010009765625,-0.52734375,53.4649658203125,1.40625,53.4649658203125,-49.2681884765625,310.7318115234375,-0.52734375,1783152830.1775663,1,0,187,0.06103515625,0.0,11.41357421875
1783152830.2894728,55 53 b6 ff 9f ff d5 26 7a 09 79,-74,-97,9941,-0.406494140625,-0.5328369140625,54.6075439453125,1.142578125,54.6075439453125,-50.4107666015625,309.5892333984375,-0.5328369140625,1783152830.2768965,1,-1,169,0.06103515625,-0.06103515625,10.31494140625
1783152830.3897853,55 53 b3 ff 9c ff ef 27 7b 09 8f,-77,-100,10223,-0.4229736328125,-0.54931640625,56.1566162109375,1.549072265625,56.1566162109375,-51.9598388671875,308.0401611328125,-0.54931640625,1783152830.37735,2,-1,249,0.1220703125,-0.06103515625,15.19775390625
1783152830.4896128,55 53 af ff 99 ff 34 29 79 09 cd,-81,-103,10548,-0.4449462890625,-0.5657958984375,57.94189453125,1.7852783203125,57.94189453125,-53.7451171875,306.2548828125,-0.5657958984375,1783152830.4772618,3,0,278,0.18310546875,0.0,16.9677734375
1783152830.589306,55 53 ab ff 97 ff 5c 2a 72 09 e9,-85,-105,10844,-0.4669189453125,-0.5767822265625,59.56787109375,1.6259765625,59.56787109375,-55.37109375,304.62890625,-0.5767822265625,1783152830.5774264,2,0,203,0.1220703125,0.0,12.39013671875
1783152830.6897626,55 53 a9 ff 97 ff 7d 2b 7a 09 11,-87,-105,11133,-0.4779052734375,-0.5767822265625,61.1553955078125,1.5875244140625,61.1553955078125,-56.9586181640625,303.0413818359375,-0.5767822265625,1783152830.6770132,2,2,238,0.1220703125,0.1220703125,14.5263671875
1783152830.789283,55 53 a5 ff 9c ff 16 2d 75 09 a8,-91,-100,11542,-0.4998779296875,-0.54931640625,63.402099609375,2.2467041015625,63.402099609375,-59.205322265625,300.794677734375,-0.54931640625,1783152830.7767363,9,17,489,0.54931640625,1.03759765625,29.84619140625
1783152830.8901799,55 53 9e ff 9b ff d4 2e 78 09 62,-98,-101,11988,-0.538330078125,-0.5548095703125,65.85205078125,2.449951171875,65.85205078125,-61.6552734375,298.3447265625,-0.5548095703125,1783152830.8769062,4,7,274,0.244140625,0.42724609375,16.7236328125
1783152830.989138,55 53 9a ff 9c ff 50 30 77 09 dc,-102,-100,12368,-0.560302734375,-0.54931640625,67.939453125,2.08740234375,67.939453125,-63.74267578125,296.25732421875,-0.54931640625,1783152830.976702,0,-2,332,0.0,-0.1220703125,20.263671875
1783152831.089702,55 53 95 ff 95 ff bd 31 7c 09 43,-107,-107,12733,-0.5877685546875,-0.5877685546875,69.9444580078125,2.0050048828125,69.9444580078125,-65.7476806640625,294.2523193359375,-0.5877685546875,1783152831.076829,0,-9,313,0.0,-0.54931640625,19.10400390625
1783152831.189142,55 53 93 ff 94 ff bc 32 79 09 3d,-109,-108,12988,-0.5987548828125,-0.59326171875,71.34521484375,1.4007568359375,71.34521484375,-67.1484375,292.8515625,-0.59326171875,1783152831.1765802,2,-2,466,0.1220703125,-0.1220703125,28.4423828125
1783152831.2895145,55 53 92 ff 92 ff a0 33 79 09 1f,-110,-110,13216,-0.604248046875,-0.604248046875,72.59765625,1.25244140625,72.59765625,-68.40087890625,291.59912109375,-0.604248046875,1783152831.276329,3,0,433,0.18310546875,0.0,26.42822265625
1783152831.389602,55 53 90 ff 92 ff a3 34 7c 09 24,-112,-110,13475,-0.615234375,-0.604248046875,74.0203857421875,1.4227294921875,74.0203857421875,-69.8236083984375,290.1763916015625,-0.604248046875,1783152831.3766894,1,4,17,0.06103515625,0.244140625,1.03759765625
1783152831.489213,55 53 8f ff 93 ff de 35 78 09 5c,-113,-109,13790,-0.6207275390625,-0.5987548828125,75.750732421875,1.7303466796875,75.750732421875,-71.553955078125,288.446044921875,-0.5987548828125,1783152831.4774258,3,9,12,0.18310546875,0.54931640625,0.732421875
1783152831.5898232,55 53 8d ff 94 ff ff 36 78 09 7d,-115,-108,14079,-0.6317138671875,-0.59326171875,77.3382568359375,1.5875244140625,77.3382568359375,-73.1414794921875,286.8585205078125,-0.59326171875,1783152831.576509,2,-6,436,0.1220703125,-0.3662109375,26.611328125
1783152831.6891084,55 53 85 ff 90 ff ce 38 7d 09 47,-123,-112,14542,-0.6756591796875,-0.615234375,79.881591796875,2.5433349609375,79.881591796875,-75.684814453125,284.315185546875,-0.615234375,1783152831.6768153,4,0,357,0.244140625,0.0,21.78955078125
1783152831.7890484,55 53 7f ff 8f ff 7d 3a 75 09 e9,-129,-113,14973,-0.7086181640625,-0.6207275390625,82.2491455078125,2.3675537109375,82.2491455078125,-78.0523681640625,281.9476318359375,-0.6207275390625,1783152831.776868,2,3,363,0.1220703125,0.18310546875,22.15576171875
1783152831.8889468,55 53 78 ff 8e ff 3f 3c 79 09 a9,-136,-114,15423,-0.7470703125,-0.626220703125,84.7210693359375,2.471923828125,84.7210693359375,-80.5242919921875,279.4757080078125,-0.626220703125,1783152831.8762314,3,0,421,0.18310546875,0.0,25.69580078125
1783152831.989014,55 53 72 ff 8e ff f4 3d 75 09 55,-142,-114,15860,-0.780029296875,-0.626220703125,87.12158203125,2.4005126953125,87.12158203125,-82.9248046875,277.0751953125,-0.626220703125,1783152831.9768572,1,0,346,0.06103515625,0.0,21.1181640625
1783152832.0889692,55 53 6b ff 8d ff cc 3f 77 09 29,-149,-115,16332,-0.8184814453125,-0.6317138671875,89.71435546875,2.5927734375,89.71435546875,-85.517578125,274.482421875,-0.6317138671875,1783152832.0769305,4,2,426,0.244140625,0.1220703125,26.0009765625
1783152832.1888695,55 53 64 ff 8b ff 9a 41 78 09 f1,-156,-117,16794,-0.85693359375,-0.6427001953125,92.252197265625,2.537841796875,92.252197265625,-88.055419921875,271.944580078125,-0.6427001953125,1783152832.1768625,2,-3,442,0.1220703125,-0.18310546875,26.9775390625
1783152832.2889445,55 53 58 ff 83 ff dc 43 7a 09 23,-168,-125,17372,-0.9228515625,-0.6866455078125,95.42724609375,3.175048828125,95.42724609375,-91.23046875,268.76953125,-0.6866455078125,1783152832.2765036,3,-7,542,0.18310546875,-0.42724609375,33.0810546875
1783152832.3888288,55 53 51 ff 81 ff cb 45 7a 09 0b,-175,-127,17867,-0.9613037109375,-0.6976318359375,98.1463623046875,2.7191162109375,98.1463623046875,-93.9495849609375,266.0504150390625,-0.6976318359375,1783152832.3764973,4,0,441,0.244140625,0.0,26.91650390625
1783152832.488907,55 53 4b ff 80 ff 8c 47 7d 09 ca,-181,-128,18316,-0.9942626953125,-0.703125,100.61279296875,2.4664306640625,100.61279296875,-96.416015625,263.583984375,-0.703125,1783152832.4762836,2,-1,367,0.1220703125,-0.06103515625,22.39990234375
1783152832.588824,55 53 45 ff 7f ff 2e 49 77 09 61,-187,-129,18734,-1.0272216796875,-0.7086181640625,102.908935546875,2.296142578125,102.908935546875,-98.712158203125,261.287841796875,-0.7086181640625,1783152832.5766006,3,1,316,0.18310546875,0.06103515625,19.287109375
1783152832.6888804,55 53 41 ff 82 ff e9 4a 78 09 1d,-191,-126,19177,-1.0491943359375,-0.692138671875,105.3424072265625,2.4334716796875,105.3424072265625,-101.1456298828125,258.8543701171875,-0.692138671875,1783152832.67683,7,7,488,0.42724609375,0.42724609375,29.78515625
1783152832.788759,55 53 3d ff 87 ff 7b 4c 79 09 b3,-195,-121,19579,-1.0711669921875,-0.6646728515625,107.5506591796875,2.208251953125,107.5506591796875,-103.3538818359375,256.6461181640625,-0.6646728515625,1783152832.776321,3,1,368,0.18310546875,0.06103515625,22.4609375
1783152832.8888285,55 53 39 ff 87 ff 02 4e 7d 09 3c,-199,-121,19970,-1.0931396484375,-0.6646728515625,109.698486328125,2.1478271484375,109.698486328125,-105.501708984375,254.498291015625,-0.6646728515625,1783152832.8763,4,2,434,0.244140625,0.1220703125,26.4892578125
1783152832.9886863,55 53 36 ff 8a ff 75 4f 7c 09 af,-202,-118,20341,-1.109619140625,-0.648193359375,111.7364501953125,2.0379638671875,111.7364501953125,-107.5396728515625,252.4603271484375,-0.648193359375,1783152832.9766119,2,0,321,0.1220703125,0.0,19.59228515625
1783152833.0887337,55 53 31 ff 8c ff 07 51 79 09 3d,-207,-116,20743,-1.1370849609375,-0.63720703125,113.9447021484375,2.208251953125,113.9447021484375,-109.7479248046875,250.2520751953125,-0.63720703125,1783152833.076246,4,1,408,0.244140625,0.06103515625,24.90234375
1783152833.1886182,55 53 2c ff 8d ff 8e 52 79 09 c1,-212,-115,21134,-1.16455078125,-0.6317138671875,116.092529296875,2.1478271484375,116.092529296875,-111.895751953125,248.104248046875,-0.6317138671875,1783152833.1763687,3,-2,377,0.18310546875,-0.1220703125,23.01025390625
1783152833.2886343,55 53 28 ff 8f ff 29 54 7a 09 5d,-216,-113,21545,-1.1865234375,-0.6207275390625,118.3502197265625,2.2576904296875,118.3502197265625,-114.1534423828125,245.8465576171875,-0.6207275390625,1783152833.276238,4,1,380,0.244140625,0.06103515625,23.193359375
1783152833.3886595,55 53 25 ff 8f ff 9d 55 7e 09 d3,-219,-113,21917,-1.2030029296875,-0.6207275390625,120.3936767578125,2.04345703125,120.3936767578125,-116.1968994140625,243.8031005859375,-0.6207275390625,1783152833.375964,0,-4,300,0.0,-0.244140625,18.310546875
1783152833.4887657,55 53 1e ff 8c ff 6f 57 75 09 94,-226,-116,22383,-1.241455078125,-0.63720703125,122.9534912109375,2.559814453125,122.9534912109375,-118.7567138671875,241.2432861328125,-0.63720703125,1783152833.4761825,-1,-5,460,-0.06103515625,-0.30517578125,28.076171875
1783152833.5885508,55 53 0e ff 80 ff bd 59 79 09 cc,-242,-128,22973,-1.329345703125,-0.703125,126.1944580078125,3.240966796875,126.1944580078125,-121.9976806640625,238.0023193359375,-0.703125,1783152833.5762496,-7,-22,587,-0.42724609375,-1.3427734375,35.82763671875
1783152833.6886125,55 53 ff fe 76 ff 02 5c 79 09 fa,-257,-138,23554,-1.4117431640625,-0.758056640625,129.385986328125,3.1915283203125,129.385986328125,-125.189208984375,234.810791015625,-0.758056640625,1783152833.6761155,1,-1,199,0.06103515625,-0.06103515625,12.14599609375
1783152833.7888744,55 53 02 ff 7a ff f3 5c 79 09 f3,-254,-134,23795,-1.395263671875,-0.736083984375,130.7098388671875,1.3238525390625,130.7098388671875,-126.5130615234375,233.4869384765625,-0.736083984375,1783152833.7760866,3,2,281,0.18310546875,0.1220703125,17.15087890625
1783152833.8884752,55 53 03 ff 7c ff bf 5d 7b 09 c5,-253,-132,23999,-1.3897705078125,-0.72509765625,131.8304443359375,1.12060546875,131.8304443359375,-127.6336669921875,232.3663330078125,-0.72509765625,1783152833.8757832,0,0,272,0.0,0.0,16.6015625
1783152833.9883838,55 53 00 ff 7e ff 03 5f 79 09 08,-256,-130,24323,-1.40625,-0.714111328125,133.6102294921875,1.77978515625,133.6102294921875,-129.4134521484375,230.5865478515625,-0.714111328125,1783152833.9757433,1,4,35,0.06103515625,0.244140625,2.13623046875
1783152834.0883756,55 53 ff fe 7f ff 05 60 79 09 0a,-257,-129,24581,-1.4117431640625,-0.7086181640625,135.0274658203125,1.417236328125,135.0274658203125,-130.8306884765625,229.1693115234375,-0.7086181640625,1783152834.0757415,0,-6,364,0.0,-0.3662109375,22.216796875
1783152834.188398,55 53 fc fe 81 ff 58 61 7e 09 62,-260,-127,24920,-1.42822265625,-0.6976318359375,136.8896484375,1.8621826171875,136.8896484375,-132.69287109375,227.30712890625,-0.6976318359375,1783152834.1757011,2,-2,364,0.1220703125,-0.1220703125,22.216796875
1783152834.288442,55 53 ee fe 7e ff 87 63 7e 09 82,-274,-130,25479,-1.505126953125,-0.714111328125,139.9603271484375,3.0706787109375,139.9603271484375,-135.7635498046875,224.2364501953125,-0.714111328125,1783152834.2757814,2,-5,534,0.1220703125,-0.30517578125,32.5927734375
1783152834.3882685,55 53 eb fe 82 ff 18 65 76 09 0e,-277,-126,25880,-1.5216064453125,-0.692138671875,142.1630859375,2.2027587890625,142.1630859375,-137.96630859375,222.03369140625,-0.692138671875,1783152834.3756323,1,-1,305,0.06103515625,-0.06103515625,18.61572265625
1783152834.4882836,55 53 e6 fe 83 ff 65 66 7b 09 5d,-282,-125,26213,-1.549072265625,-0.6866455078125,143.9923095703125,1.8292236328125,143.9923095703125,-139.7955322265625,220.2044677734375,-0.6866455078125,1783152834.4756727,2,-1,256,0.1220703125,-0.06103515625,15.625
1783152834.5886152,55 53 e3 fe 83 ff 82 67 7b 09 78,-285,-125,26498,-1.5655517578125,-0.6866455078125,145.557861328125,1.5655517578125,145.557861328125,-141.361083984375,218.638916015625,-0.6866455078125,1783152834.5759473,1,-3,299,0.06103515625,-0.18310546875,18.24951171875
1783152834.6885724,55 53 e0 fe 86 ff d6 68 79 09 cb,-288,-122,26838,-1.58203125,-0.670166015625,147.425537109375,1.86767578125,147.425537109375,-143.228759765625,216.771240234375,-0.670166015625,1783152834.6759784,2,-1,273,0.1220703125,-0.06103515625,16.66259765625
1783152834.788877,55 53 e0 fe 88 ff e0 69 7c 09 db,-288,-120,27104,-1.58203125,-0.6591796875,148.88671875,1.461181640625,148.88671875,-144.68994140625,215.31005859375,-0.6591796875,1783152834.776135,2,1,216,0.1220703125,0.06103515625,13.18359375
1783152834.8883739,55 53 de fe 8c ff 15 6b 7e 09 16,-290,-116,27413,-1.593017578125,-0.63720703125,150.5841064453125,1.6973876953125,150.5841064453125,-146.3873291015625,213.6126708984375,-0.63720703125,1783152834.8756273,8,-2,490,0.48828125,-0.1220703125,29.9072265625
1783152834.9885528,55 53 d1 fe 90 ff 7d 6d 78 09 71,-303,-112,28029,-1.6644287109375,-0.615234375,153.9678955078125,3.3837890625,153.9678955078125,-149.7711181640625,210.2288818359375,-0.615234375,1783152834.9758375,3,0,418,0.18310546875,0.0,25.5126953125
1783152835.0883646,55 53 cd fe 94 ff 37 6f 7c 09 31,-307,-108,28471,-1.6864013671875,-0.59326171875,156.3958740234375,2.427978515625,156.3958740234375,-152.1990966796875,207.8009033203125,-0.59326171875,1783152835.0756273,5,-1,475,0.30517578125,-0.06103515625,28.99169921875
1783152835.188502,55 53 cb fe 97 ff 8c 70 7a 09 86,-309,-105,28812,-1.6973876953125,-0.5767822265625,158.26904296875,1.8731689453125,158.26904296875,-154.072265625,205.927734375,-0.5767822265625,1783152835.1759434,3,0,270,0.18310546875,0.0,16.4794921875
1783152835.2884173,55 53 cb fe 9a ff 55 71 7d 09 56,-309,-102,29013,-1.6973876953125,-0.560302734375,159.3731689453125,1.1041259765625,159.3731689453125,-155.1763916015625,204.8236083984375,-0.560302734375,1783152835.2754867,1,-1,209,0.06103515625,-0.06103515625,12.75634765625
1783152835.388291,55 53 c8 fe 9c ff 6f 72 7a 09 6d,-312,-100,29295,-1.7138671875,-0.54931640625,160.9222412109375,1.549072265625,160.9222412109375,-156.7254638671875,203.2745361328125,-0.54931640625,1783152835.3758564,3,0,313,0.18310546875,0.0,19.10400390625
1783152835.4883056,55 53 c3 fe 9f ff dd 73 81 09 e1,-317,-97,29661,-1.7413330078125,-0.5328369140625,162.9327392578125,2.010498046875,162.9327392578125,-158.7359619140625,201.2640380859375,-0.5328369140625,1783152835.4756112,3,-3,453,0.18310546875,-0.18310546875,27.64892578125
1783152835.5883381,55 53 bf fe a2 ff 65 75 7a 09 63,-321,-94,30053,-1.7633056640625,-0.516357421875,165.0860595703125,2.1533203125,165.0860595703125,-160.8892822265625,199.1107177734375,-0.516357421875,1783152835.5758066,3,-3,342,0.18310546875,-0.18310546875,20.8740234375
1783152835.688276,55 53 bc fe a7 ff a3 76 7a 09 a4,-324,-89,30371,-1.77978515625,-0.4888916015625,166.8328857421875,1.746826171875,166.8328857421875,-162.6361083984375,197.3638916015625,-0.4888916015625,1783152835.675826,4,0,291,0.244140625,0.0,17.76123046875
1783152835.7884114,55 53 bb fe aa ff d6 77 7a 09 da,-325,-86,30678,-1.7852783203125,-0.472412109375,168.519287109375,1.6864013671875,168.519287109375,-164.322509765625,195.677490234375,-0.472412109375,1783152835.7756562,4,-1,297,0.244140625,-0.06103515625,18.12744140625
1783152835.8881166,55 53 b7 fe ae ff 3a 79 7f 09 45,-329,-82,31034,-1.8072509765625,-0.450439453125,170.474853515625,1.95556640625,170.474853515625,-166.278076171875,193.721923828125,-0.450439453125,1783152835.8755527,3,-1,383,0.18310546875,-0.06103515625,23.37646484375
1783152835.98814,55 53 b4 fe b3 ff 68 7a 7a 09 71,-332,-77,31336,-1.82373046875,-0.4229736328125,172.1337890625,1.658935546875,172.1337890625,-167.93701171875,192.06298828125,-0.4229736328125,1783152835.9754727,1,1,255,0.06103515625,0.06103515625,15.56396484375
1783152836.0881069,55 53 b4 fe b7 ff 37 7b 7c 09 47,-332,-73,31543,-1.82373046875,-0.4010009765625,173.2708740234375,1.1370849609375,173.2708740234375,-169.0740966796875,190.9259033203125,-0.4010009765625,1783152836.075508,0,0,231,0.0,0.0,14.09912109375
1783152836.1882527,55 53 b2 fe ba ff 46 7c 7b 09 57,-334,-70,31814,-1.834716796875,-0.384521484375,174.759521484375,1.4886474609375,174.759521484375,-170.562744140625,189.437255859375,-0.384521484375,1783152836.1756623,1,-2,322,0.06103515625,-0.1220703125,19.6533203125
1783152836.2876534,55 53 af fe bc ff bc 7d 7e 09 d0,-337,-68,32188,-1.8511962890625,-0.37353515625,176.81396484375,2.054443359375,176.81396484375,-172.6171875,187.3828125,-0.37353515625,1783152836.274979,3,-2,441,0.18310546875,-0.1220703125,26.91650390625
1783152836.3880258,55 53 ab fe c0 ff 89 7f 7d 09 9e,-341,-64,32649,-1.8731689453125,-0.3515625,179.3463134765625,2.5323486328125,179.3463134765625,-175.1495361328125,184.8504638671875,-0.3515625,1783152836.3755782,4,-3,471,0.244140625,-0.18310546875,28.74755859375
1783152836.4880223,55 53 aa fe c6 ff e8 80 7d 09 03,-342,-58,-32536,-1.878662109375,-0.318603515625,-178.7255859375,1.9281005859375,181.2744140625,-177.07763671875,182.92236328125,-0.318603515625,1783152836.4752257,2,-1,255,0.1220703125,-0.06103515625,15.56396484375
1783152836.5879352,55 53 aa fe ca ff b0 81 80 09 d3,-342,-54,-32336,-1.878662109375,-0.296630859375,-177.626953125,1.0986328125,182.373046875,-178.17626953125,181.82373046875,-0.296630859375,1783152836.5758636,1,0,219,0.06103515625,0.0,13.36669921875
1783152836.6880155,55 53 ac fe cd ff 32 82 7d 09 58,-340,-51,-32206,-1.86767578125,-0.2801513671875,-176.912841796875,0.714111328125,183.087158203125,-178.890380859375,181.109619140625,-0.2801513671875,1783152836.6753104,1,0,172,0.06103515625,0.0,10.498046875
1783152836.7879124,55 53 ab fe d0 ff 0a 83 79 09 2f,-341,-48,-31990,-1.8731689453125,-0.263671875,-175.726318359375,1.1865234375,184.273681640625,-180.076904296875,179.923095703125,-0.263671875,1783152836.7753837,2,0,256,0.1220703125,0.0,15.625
1783152836.8879576,55 53 ab fe d5 ff 04 84 7c 09 32,-341,-43,-31740,-1.8731689453125,-0.2362060546875,-174.35302734375,1.373291015625,185.64697265625,-181.4501953125,178.5498046875,-0.2362060546875,1783152836.8754401,2,0,205,0.1220703125,0.0,12.51220703125
1783152836.9879043,55 53 ad fe d8 ff 97 84 7e 09 cc,-339,-40,-31593,-1.8621826171875,-0.2197265625,-173.5455322265625,0.8074951171875,186.4544677734375,-182.2576904296875,177.7423095703125,-0.2197265625,1783152836.97535,2,0,155,0.1220703125,0.0,9.46044921875
1783152837.0877047,55 53 b0 fe db ff c7 84 7d 09 01,-336,-37,-31545,-1.845703125,-0.2032470703125,-173.2818603515625,0.263671875,186.7181396484375,-182.5213623046875,177.4786376953125,-0.2032470703125,1783152837.07538,1,0,207,0.06103515625,0.0,12.63427734375
1783152837.187511,55 53 b5 fe dd ff b5 84 7e 09 f7,-331,-35,-31563,-1.8182373046875,-0.1922607421875,-173.3807373046875,-0.098876953125,186.6192626953125,-182.4224853515625,177.5775146484375,-0.1922607421875,1783152837.174738,0,1,0,0.0,0.06103515625,0.0
1783152837.287689,55 53 ba fe df ff 88 84 7a 09 cd,-326,-33,-31608,-1.790771484375,-0.1812744140625,-173.6279296875,-0.2471923828125,186.3720703125,-182.17529296875,177.82470703125,-0.1812744140625,1783152837.2752633,0,1,0,0.0,0.06103515625,0.0
1783152837.3876586,55 53 be fe e1 ff 8b 84 80 09 dc,-322,-31,-31605,-1.768798828125,-0.1702880859375,-173.6114501953125,0.0164794921875,186.3885498046875,-182.1917724609375,177.8082275390625,-0.1702880859375,1783152837.375234,0,0,31,0.0,0.0,1.89208984375
1783152837.487746,55 53 c1 fe e2 ff 84 84 79 09 d2,-319,-30,-31612,-1.7523193359375,-0.164794921875,-173.64990234375,-0.0384521484375,186.35009765625,-182.1533203125,177.8466796875,-0.164794921875,1783152837.4752243,0,0,23,0.0,0.0,1.40380859375
1783152837.5877118,55 53 c4 fe e4 ff 91 84 80 09 eb,-316,-28,-31599,-1.73583984375,-0.15380859375,-173.5784912109375,0.0714111328125,186.4215087890625,-182.2247314453125,177.7752685546875,-0.15380859375,1783152837.574955,0,2,20,0.0,0.1220703125,1.220703125
1783152837.6877468,55 53 c7 fe e6 ff 98 84 7d 09 f4,-313,-26,-31592,-1.7193603515625,-0.142822265625,-173.5400390625,0.0384521484375,186.4599609375,-182.26318359375,177.73681640625,-0.142822265625,1783152837.6750386,1,-2,119,0.06103515625,-0.1220703125,7.26318359375
1783152837.7872398,55 53 ca fe e7 ff b4 84 7d 09 14,-310,-25,-31564,-1.702880859375,-0.1373291015625,-173.38623046875,0.15380859375,186.61376953125,-182.4169921875,177.5830078125,-0.1373291015625,1783152837.7745006,0,-2,107,0.0,-0.1220703125,6.53076171875
1783152837.8875155,55 53 cc fe e7 ff b7 84 7d 09 19,-308,-25,-31561,-1.69189453125,-0.1373291015625,-173.3697509765625,0.0164794921875,186.6302490234375,-182.4334716796875,177.5665283203125,-0.1373291015625,1783152837.8751352,0,0,-1,0.0,0.0,-0.06103515625
1783152837.9883041,55 53 d0 fe e8 ff 96 84 7c 09 fc,-304,-24,-31594,-1.669921875,-0.1318359375,-173.551025390625,-0.1812744140625,186.448974609375,-182.252197265625,177.747802734375,-0.1318359375,1783152837.9751253,0,0,-1,0.0,0.0,-0.06103515625
1783152838.0876713,55 53 d4 fe e9 ff 78 84 7e 09 e5,-300,-23,-31624,-1.64794921875,-0.1263427734375,-173.7158203125,-0.164794921875,186.2841796875,-182.08740234375,177.91259765625,-0.1263427734375,1783152838.0750458,0,2,-1,0.0,0.1220703125,-0.06103515625
1783152838.1875637,55 53 d6 fe eb ff 5b 84 7c 09 ca,-298,-21,-31653,-1.636962890625,-0.1153564453125,-173.8751220703125,-0.1593017578125,186.1248779296875,-181.9281005859375,178.0718994140625,-0.1153564453125,1783152838.175125,0,0,-2,0.0,0.0,-0.1220703125
1783152838.2874498,55 53 d9 fe ec ff 3f 84 81 09 b7,-295,-20,-31681,-1.6204833984375,-0.10986328125,-174.0289306640625,-0.15380859375,185.9710693359375,-181.7742919921875,178.2257080078125,-0.10986328125,1783152838.2747834,0,1,-2,0.0,0.06103515625,-0.1220703125
1783152838.387529,55 53 dc fe ed ff 25 84 7c 09 9c,-292,-19,-31707,-1.60400390625,-0.1043701171875,-174.1717529296875,-0.142822265625,185.8282470703125,-181.6314697265625,178.3685302734375,-0.1043701171875,1783152838.3752918,0,1,0,0.0,0.06103515625,0.0
1783152838.4875643,55 53 e0 fe ee ff 07 84 7f 09 86,-288,-18,-31737,-1.58203125,-0.098876953125,-174.3365478515625,-0.164794921875,185.6634521484375,-181.4666748046875,178.5333251953125,-0.098876953125,1783152838.4749012,3,3,-10,0.18310546875,0.18310546875,-0.6103515625
1783152838.587421,55 53 e8 fe ee ff ee 82 80 09 74,-280,-18,-32018,-1.5380859375,-0.098876953125,-175.880126953125,-1.5435791015625,184.119873046875,-179.923095703125,180.076904296875,-0.098876953125,1783152838.574977,-1,2,-234,-0.06103515625,0.1220703125,-14.2822265625
1783152838.687388,55 53 eb fe ef ff 4b 82 82 09 d7,-277,-17,-32181,-1.5216064453125,-0.0933837890625,-176.7755126953125,-0.8953857421875,183.2244873046875,-179.0277099609375,180.9722900390625,-0.0933837890625,1783152838.674596,-2,0,-120,-0.1220703125,0.0,-7.32421875
1783152838.7870517,55 53 ef fe ef ff ca 81 7d 09 54,-273,-17,-32310,-1.4996337890625,-0.0933837890625,-177.484130859375,-0.7086181640625,182.515869140625,-178.319091796875,181.680908203125,-0.0933837890625,1783152838.7749307,-2,2,-184,-0.1220703125,0.1220703125,-11.23046875
1783152838.8874404,55 53 f2 fe f0 ff 16 81 7d 09 a4,-270,-16,-32490,-1.483154296875,-0.087890625,-178.472900390625,-0.98876953125,181.527099609375,-177.330322265625,182.669677734375,-0.087890625,1783152838.8745902,-3,1,-149,-0.18310546875,0.06103515625,-9.09423828125
1783152838.9873507,55 53 f5 fe f1 ff 83 80 80 09 17,-267,-15,-32637,-1.4666748046875,-0.0823974609375,-179.2803955078125,-0.8074951171875,180.7196044921875,-176.5228271484375,183.4771728515625,-0.0823974609375,1783152838.9748516,0,2,-61,0.0,0.1220703125,-3.72314453125
1783152839.0873754,55 53 f8 fe f3 ff ec 7f 7c 09 80,-264,-13,32748,-1.4501953125,-0.0714111328125,179.89013671875,-0.8294677734375,179.89013671875,-175.693359375,184.306640625,-0.0714111328125,1783152839.0747764,0,1,-119,0.0,0.06103515625,-7.26318359375
1783152839.1872869,55 53 fc fe f4 ff 52 7f 82 09 f1,-260,-12,32594,-1.42822265625,-0.06591796875,179.044189453125,-0.845947265625,179.044189453125,-174.847412109375,185.152587890625,-0.06591796875,1783152839.1748054,-1,2,-153,-0.06103515625,0.1220703125,-9.33837890625
1783152839.2872453,55 53 00 ff f4 ff 8b 7e 7d 09 29,-256,-12,32395,-1.40625,-0.06591796875,177.9510498046875,-1.0931396484375,177.9510498046875,-173.7542724609375,186.2457275390625,-0.06591796875,1783152839.274361,-2,0,-147,-0.1220703125,0.0,-8.97216796875
1783152839.387219,55 53 03 ff f4 ff df 7d 7d 09 7f,-253,-12,32223,-1.3897705078125,-0.06591796875,177.0062255859375,-0.94482421875,177.0062255859375,-172.8094482421875,187.1905517578125,-0.06591796875,1783152839.3745224,-2,0,-161,-0.1220703125,0.0,-9.82666015625
1783152839.486892,55 53 07 ff f4 ff fb 7c 79 09 9a,-249,-12,31995,-1.3677978515625,-0.06591796875,175.7537841796875,-1.25244140625,175.7537841796875,-171.5570068359375,188.4429931640625,-0.06591796875,1783152839.4741845,-1,0,-174,-0.06103515625,0.0,-10.6201171875
1783152839.58713,55 53 0c ff f4 ff 03 7c 81 09 af,-244,-12,31747,-1.34033203125,-0.06591796875,174.3914794921875,-1.3623046875,174.3914794921875,-170.1947021484375,189.8052978515625,-0.06591796875,1783152839.574425,-2,0,-218,-0.1220703125,0.0,-13.3056640625
1783152839.686904,55 53 10 ff f4 ff ed 7a 80 09 9a,-240,-12,31469,-1.318359375,-0.06591796875,172.8643798828125,-1.527099609375,172.8643798828125,-168.6676025390625,191.3323974609375,-0.06591796875,1783152839.674259,-2,1,-221,-0.1220703125,0.06103515625,-13.48876953125
1783152839.7868063,55 53 15 ff f5 ff de 79 7f 09 8f,-235,-11,31198,-1.2908935546875,-0.0604248046875,171.375732421875,-1.4886474609375,171.375732421875,-167.178955078125,192.821044921875,-0.0604248046875,1783152839.774698,-2,2,-266,-0.1220703125,0.1220703125,-16.2353515625
1783152839.8868287,55 53 18 ff f3 ff f3 78 7f 09 a4,-232,-13,30963,-1.2744140625,-0.0714111328125,170.0848388671875,-1.2908935546875,170.0848388671875,-165.8880615234375,194.1119384765625,-0.0714111328125,1783152839.8742158,-1,3,-288,-0.06103515625,0.18310546875,-17.578125
1783152839.9871452,55 53 1d ff f3 ff ca 77 7f 09 7f,-227,-13,30666,-1.2469482421875,-0.0714111328125,168.453369140625,-1.6314697265625,168.453369140625,-164.256591796875,195.743408203125,-0.0714111328125,1783152839.9742684,-3,0,-272,-0.18310546875,0.0,-16.6015625
1783152840.0867884,55 53 20 ff f1 ff bb 76 81 09 72,-224,-15,30395,-1.23046875,-0.0823974609375,166.9647216796875,-1.4886474609375,166.9647216796875,-162.7679443359375,197.2320556640625,-0.0823974609375,1783152840.0742104,-2,4,-327,-0.1220703125,0.244140625,-19.95849609375
1783152840.1869302,55 53 24 ff f3 ff 60 75 7f 09 1a,-220,-13,30048,-1.20849609375,-0.0714111328125,165.05859375,-1.9061279296875,165.05859375,-160.86181640625,199.13818359375,-0.0714111328125,1783152840.1744628,-4,1,-321,-0.244140625,0.06103515625,-19.59228515625
1783152840.2865436,55 53 25 ff f0 ff 7e 74 82 09 38,-219,-16,29822,-1.2030029296875,-0.087890625,163.817138671875,-1.241455078125,163.817138671875,-159.620361328125,200.379638671875,-0.087890625,1783152840.2740967,-2,2,-258,-0.1220703125,0.1220703125,-15.7470703125
1783152840.3866363,55 53 28 ff ef ff 8c 73 7f 09 44,-216,-17,29580,-1.1865234375,-0.0933837890625,162.48779296875,-1.329345703125,162.48779296875,-158.291015625,201.708984375,-0.0933837890625,1783152840.3747985,-3,0,-274,-0.18310546875,0.0,-16.7236328125
1783152840.4866376,55 53 2e ff f0 ff e6 71 83 09 a7,-210,-16,29158,-1.153564453125,-0.087890625,160.169677734375,-2.318115234375,160.169677734375,-155.972900390625,204.027099609375,-0.087890625,1783152840.474043,-4,4,-423,-0.244140625,0.244140625,-25.81787109375
1783152840.586443,55 53 33 ff ef ff 78 70 80 09 39,-205,-17,28792,-1.1260986328125,-0.0933837890625,158.1591796875,-2.010498046875,158.1591796875,-153.96240234375,206.03759765625,-0.0933837890625,1783152840.5738475,-1,1,-265,-0.06103515625,0.06103515625,-16.17431640625
1783152840.6868415,55 53 35 ff ec ff 99 6f 80 09 58,-203,-20,28569,-1.1151123046875,-0.10986328125,156.9342041015625,-1.2249755859375,156.9342041015625,-152.7374267578125,207.2625732421875,-0.10986328125,1783152840.6738338,-2,0,-210,-0.1220703125,0.0,-12.8173828125
1783152840.7865083,55 53 37 ff eb ff d3 6e 80 09 92,-201,-21,28371,-1.1041259765625,-0.1153564453125,155.8465576171875,-1.087646484375,155.8465576171875,-151.6497802734375,208.3502197265625,-0.1153564453125,1783152840.7738452,-2,1,-192,-0.1220703125,0.06103515625,-11.71875
1783152840.8864577,55 53 39 ff e9 ff 04 6e 7d 09 c0,-199,-23,28164,-1.0931396484375,-0.1263427734375,154.70947265625,-1.1370849609375,154.70947265625,-150.5126953125,209.4873046875,-0.1263427734375,1783152840.8738694,-2,0,-260,-0.1220703125,0.0,-15.869140625
1783152840.9864774,55 53 3c ff e7 ff ec 6c 81 09 ab,-196,-25,27884,-1.07666015625,-0.1373291015625,153.17138671875,-1.5380859375,153.17138671875,-148.974609375,211.025390625,-0.1373291015625,1783152840.9738002,-2,2,-269,-0.1220703125,0.1220703125,-16.41845703125
1783152841.0864756,55 53 40 ff e6 ff ba 6b 80 09 7a,-192,-26,27578,-1.0546875,-0.142822265625,151.490478515625,-1.680908203125,151.490478515625,-147.293701171875,212.706298828125,-0.142822265625,1783152841.0738192,-4,1,-341,-0.244140625,0.06103515625,-20.81298828125
1783152841.1865408,55 53 45 ff e6 ff 3b 6a 83 09 02,-187,-26,27195,-1.0272216796875,-0.142822265625,149.3865966796875,-2.1038818359375,149.3865966796875,-145.1898193359375,214.8101806640625,-0.142822265625,1783152841.1737535,-4,0,-342,-0.244140625,0.0,-20.8740234375
1783152841.2863214,55 53 4a ff e4 ff cd 68 84 09 96,-182,-28,26829,-0.999755859375,-0.15380859375,147.3760986328125,-2.010498046875,147.3760986328125,-143.1793212890625,216.8206787109375,-0.15380859375,1783152841.2738674,-3,4,-486,-0.18310546875,0.244140625,-29.6630859375
1783152841.386711,55 53 4f ff e3 ff 1f 67 80 09 e7,-177,-29,26399,-0.9722900390625,-0.1593017578125,145.0140380859375,-2.362060546875,145.0140380859375,-140.8172607421875,219.1827392578125,-0.1593017578125,1783152841.3744047,-4,3,-363,-0.244140625,0.18310546875,-22.15576171875
1783152841.4864676,55 53 53 ff e3 ff b6 65 83 09 83,-173,-29,26038,-0.9503173828125,-0.1593017578125,143.031005859375,-1.9830322265625,143.031005859375,-138.834228515625,221.165771484375,-0.1593017578125,1783152841.473866,-3,2,-282,-0.18310546875,0.1220703125,-17.2119140625
1783152841.5866408,55 53 57 ff e3 ff ac 64 7f 09 78,-169,-29,25772,-0.9283447265625,-0.1593017578125,141.56982421875,-1.461181640625,141.56982421875,-137.373046875,222.626953125,-0.1593017578125,1783152841.5741692,-2,4,-294,-0.1220703125,0.244140625,-17.9443359375
1783152841.6865213,55 53 59 ff e0 ff dd 63 82 09 aa,-167,-32,25565,-0.9173583984375,-0.17578125,140.4327392578125,-1.1370849609375,140.4327392578125,-136.2359619140625,223.7640380859375,-0.17578125,1783152841.6737962,-2,3,-285,-0.1220703125,0.18310546875,-17.39501953125
1783152841.7868114,55 53 5c ff de ff ea 62 84 09 b9,-164,-34,25322,-0.90087890625,-0.186767578125,139.097900390625,-1.3348388671875,139.097900390625,-134.901123046875,225.098876953125,-0.186767578125,1783152841.77412,-2,1,-250,-0.1220703125,0.06103515625,-15.2587890625
1783152841.8865302,55 53 61 ff dc ff c8 61 81 09 96,-159,-36,25032,-0.8734130859375,-0.19775390625,137.5048828125,-1.593017578125,137.5048828125,-133.30810546875,226.69189453125,-0.19775390625,1783152841.873718,-2,2,-336,-0.1220703125,0.1220703125,-20.5078125
1783152841.9866269,55 53 66 ff db ff 63 60 7f 09 32,-154,-37,24675,-0.845947265625,-0.2032470703125,135.5438232421875,-1.9610595703125,135.5438232421875,-131.3470458984375,228.6529541015625,-0.2032470703125,1783152841.974718,-5,0,-404,-0.30517578125,0.0,-24.658203125
1783152842.0866153,55 53 6a ff da ff db 5e 81 09 ad,-150,-38,24283,-0.823974609375,-0.208740234375,133.3905029296875,-2.1533203125,133.3905029296875,-129.1937255859375,230.8062744140625,-0.208740234375,1783152842.0737298,-5,2,-424,-0.30517578125,0.1220703125,-25.87890625
1783152842.1864803,55 53 6f ff d9 ff 3c 5d 84 09 14,-145,-39,23868,-0.7965087890625,-0.2142333984375,131.11083984375,-2.2796630859375,131.11083984375,-126.9140625,233.0859375,-0.2142333984375,1783152842.1740296,-4,3,-441,-0.244140625,0.18310546875,-26.91650390625
1783152842.2863986,55 53 76 ff db ff 83 5b 86 09 64,-138,-37,23427,-0.758056640625,-0.2032470703125,128.6883544921875,-2.4224853515625,128.6883544921875,-124.4915771484375,235.5084228515625,-0.2032470703125,1783152842.2736886,-4,2,-404,-0.244140625,0.1220703125,-24.658203125
1783152842.386555,55 53 7d ff de ff b9 59 89 09 a5,-131,-34,22969,-0.7196044921875,-0.186767578125,126.1724853515625,-2.515869140625,126.1724853515625,-121.9757080078125,238.0242919921875,-0.186767578125,1783152842.3740573,-5,2,-504,-0.30517578125,0.1220703125,-30.76171875
1783152842.4870179,55 53 82 ff dc ff 28 58 81 09 0e,-126,-36,22568,-0.692138671875,-0.19775390625,123.9697265625,-2.2027587890625,123.9697265625,-119.77294921875,240.22705078125,-0.19775390625,1783152842.4742415,-4,0,-380,-0.244140625,0.0,-23.193359375
1783152842.5864534,55 53 85 ff da ff eb 56 80 09 cf,-123,-38,22251,-0.6756591796875,-0.208740234375,122.2283935546875,-1.7413330078125,122.2283935546875,-118.0316162109375,241.9683837890625,-0.208740234375,1783152842.573702,-4,0,-294,-0.244140625,0.0,-17.9443359375
1783152842.686382,55 53 88 ff d7 ff 09 56 88 09 f5,-120,-41,22025,-0.6591796875,-0.2252197265625,120.9869384765625,-1.241455078125,120.9869384765625,-116.7901611328125,243.2098388671875,-0.2252197265625,1783152842.6735957,-2,2,-262,-0.1220703125,0.1220703125,-15.9912109375
1783152842.7864244,55 53 8c ff d8 ff d1 54 83 09 bb,-116,-40,21713,-0.63720703125,-0.2197265625,119.2730712890625,-1.7138671875,119.2730712890625,-115.0762939453125,244.9237060546875,-0.2197265625,1783152842.7739055,-3,5,-370,-0.18310546875,0.30517578125,-22.5830078125
1783152842.8862739,55 53 90 ff d6 ff 8b 53 80 09 73,-112,-42,21387,-0.615234375,-0.230712890625,117.4822998046875,-1.790771484375,117.4822998046875,-113.2855224609375,246.7144775390625,-0.230712890625,1783152842.873794,-3,0,-258,-0.18310546875,0.0,-15.7470703125
1783152842.986325,55 53 95 ff d5 ff 66 52 81 09 52,-107,-43,21094,-0.5877685546875,-0.2362060546875,115.872802734375,-1.6094970703125,115.872802734375,-111.676025390625,248.323974609375,-0.2362060546875,1783152842.9735312,-2,1,-345,-0.1220703125,0.06103515625,-21.05712890625
1783152843.0869324,55 53 9c ff d6 ff e2 50 83 09 d6,-100,-42,20706,-0.54931640625,-0.230712890625,113.741455078125,-2.13134765625,113.741455078125,-109.544677734375,250.455322265625,-0.230712890625,1783152843.0741012,-3,2,-390,-0.18310546875,0.1220703125,-23.8037109375
1783152843.1862297,55 53 a0 ff d6 ff 69 4f 83 09 60,-96,-42,20329,-0.52734375,-0.230712890625,111.6705322265625,-2.0709228515625,111.6705322265625,-107.4737548828125,252.5262451171875,-0.230712890625,1783152843.173702,-2,2,-328,-0.1220703125,0.1220703125,-20.01953125
1783152843.2859442,55 53 a7 ff d8 ff a7 4d 83 09 a5,-89,-40,19879,-0.4888916015625,-0.2197265625,109.1986083984375,-2.471923828125,109.1986083984375,-105.0018310546875,254.9981689453125,-0.2197265625,1783152843.2739308,-3,2,-406,-0.18310546875,0.1220703125,-24.7802734375
1783152843.3859003,55 53 ac ff d8 ff e3 4b 87 09 e8,-84,-40,19427,-0.46142578125,-0.2197265625,106.7156982421875,-2.48291015625,106.7156982421875,-102.5189208984375,257.4810791015625,-0.2197265625,1783152843.3742075,-5,1,-417,-0.30517578125,0.06103515625,-25.45166015625
1783152843.4858837,55 53 b1 ff d9 ff 28 4a 80 09 2b,-79,-39,18984,-0.4339599609375,-0.2142333984375,104.2822265625,-2.4334716796875,104.2822265625,-100.08544921875,259.91455078125,-0.2142333984375,1783152843.4739819,-5,1,-423,-0.30517578125,0.06103515625,-25.81787109375
1783152843.5861793,55 53 b5 ff da ff 73 48 82 09 7b,-75,-38,18547,-0.4119873046875,-0.208740234375,101.8817138671875,-2.4005126953125,101.8817138671875,-97.6849365234375,262.3150634765625,-0.208740234375,1783152843.5733554,-5,2,-457,-0.30517578125,0.1220703125,-27.89306640625
1783152843.6858654,55 53 bb ff df ff 6d 46 87 09 83,-69,-33,18029,-0.3790283203125,-0.1812744140625,99.0362548828125,-2.845458984375,99.0362548828125,-94.8394775390625,265.1605224609375,-0.1812744140625,1783152843.6739578,-7,3,-585,-0.42724609375,0.18310546875,-35.70556640625
1783152843.7856777,55 53 c4 ff e6 ff d5 43 84 09 f5,-60,-26,17365,-0.32958984375,-0.142822265625,95.3887939453125,-3.6474609375,95.3887939453125,-91.1920166015625,268.8079833984375,-0.142822265625,1783152843.773201,-6,5,-611,-0.3662109375,0.30517578125,-37.29248046875
1783152843.8857818,55 53 cd ff ef ff 56 41 85 09 87,-51,-17,16726,-0.2801513671875,-0.0933837890625,91.878662109375,-3.5101318359375,91.878662109375,-87.681884765625,272.318115234375,-0.0933837890625,1783152843.8736656,-5,8,-643,-0.30517578125,0.48828125,-39.24560546875
1783152843.9861107,55 53 d6 ff fa ff a9 3e 89 09 ef,-42,-6,16041,-0.230712890625,-0.032958984375,88.1158447265625,-3.7628173828125,88.1158447265625,-83.9190673828125,276.0809326171875,-0.032958984375,1783152843.9733472,-5,1,-614,-0.30517578125,0.06103515625,-37.4755859375
1783152844.0857089,55 53 de ff 03 00 f8 3b 80 09 44,-34,3,15352,-0.186767578125,0.0164794921875,84.3310546875,-3.7847900390625,84.3310546875,-80.13427734375,279.86572265625,0.0164794921875,1783152844.0737038,-6,2,-595,-0.3662109375,0.1220703125,-36.31591796875
1783152844.1857612,55 53 e4 ff 0d 00 6a 39 84 09 c8,-28,13,14698,-0.15380859375,0.0714111328125,80.738525390625,-3.592529296875,80.738525390625,-76.541748046875,283.458251953125,0.0714111328125,1783152844.173268,-7,4,-585,-0.42724609375,0.244140625,-35.70556640625
1783152844.2856286,55 53 ea ff 1b 00 e3 36 86 09 54,-22,27,14051,-0.120849609375,0.1483154296875,77.1844482421875,-3.5540771484375,77.1844482421875,-72.9876708984375,287.0123291015625,0.1483154296875,1783152844.2735393,-4,4,-586,-0.244140625,0.244140625,-35.7666015625
1783152844.385908,55 53 f0 ff 27 00 65 34 84 09 e4,-16,39,13413,-0.087890625,0.2142333984375,73.6798095703125,-3.504638671875,73.6798095703125,-69.4830322265625,290.5169677734375,0.2142333984375,1783152844.3736048,-3,8,-526,-0.18310546875,0.48828125,-32.1044921875
1783152844.485412,55 53 f4 ff 30 00 24 32 89 09 b3,-12,48,12836,-0.06591796875,0.263671875,70.51025390625,-3.1695556640625,70.51025390625,-66.3134765625,293.6865234375,0.263671875,1783152844.4736898,-4,5,-577,-0.244140625,0.30517578125,-35.21728515625
1783152844.585894,55 53 f8 ff 39 00 af 2f 85 09 44,-8,57,12207,-0.0439453125,0.3131103515625,67.0550537109375,-3.4552001953125,67.0550537109375,-62.8582763671875,297.1417236328125,0.3131103515625,1783152844.5733163,-4,3,-568,-0.244140625,0.18310546875,-34.66796875
1783152844.6859238,55 53 fa ff 3f 00 88 2d 88 09 26,-6,63,11656,-0.032958984375,0.3460693359375,64.0283203125,-3.0267333984375,64.0283203125,-59.83154296875,300.16845703125,0.3460693359375,1783152844.6727493,-4,0,-373,-0.244140625,0.0,-22.76611328125
1783152844.7855647,55 53 fd ff 43 00 dd 2b 85 09 7d,-3,67,11229,-0.0164794921875,0.3680419921875,61.6827392578125,-2.3455810546875,61.6827392578125,-57.4859619140625,302.5140380859375,0.3680419921875,1783152844.773009,-1,3,-321,-0.06103515625,0.18310546875,-19.59228515625
1783152844.8853314,55 53 ff ff 48 00 5c 2a 82 09 ff,-1,72,10844,-0.0054931640625,0.3955078125,59.56787109375,-2.1148681640625,59.56787109375,-55.37109375,304.62890625,0.3955078125,1783152844.8726625,-1,5,-368,-0.06103515625,0.30517578125,-22.4609375
1783152844.9858096,55 53 01 00 4d 00 c8 28 86 09 75,1,77,10440,0.0054931640625,0.4229736328125,57.3486328125,-2.21923828125,57.3486328125,-53.15185546875,306.84814453125,0.4229736328125,1783152844.9728463,-3,3,-372,-0.18310546875,0.18310546875,-22.705078125
1783152845.0854764,55 53 03 00 51 00 46 27 88 09 fa,3,81,10054,0.0164794921875,0.4449462890625,55.228271484375,-2.120361328125,55.228271484375,-51.031494140625,308.968505859375,0.4449462890625,1783152845.0734625,-4,3,-311,-0.244140625,0.18310546875,-18.98193359375
1783152845.1856585,55 53 04 00 52 00 a5 25 80 09 51,4,82,9637,0.02197265625,0.450439453125,52.9376220703125,-2.2906494140625,52.9376220703125,-48.7408447265625,311.2591552734375,0.450439453125,1783152845.17325,-2,5,-432,-0.1220703125,0.30517578125,-26.3671875
1783152845.285199,55 53 07 00 5a 00 ca 23 88 09 87,7,90,9162,0.0384521484375,0.494384765625,50.328369140625,-2.6092529296875,50.328369140625,-46.131591796875,313.868408203125,0.494384765625,1783152845.2725208,0,8,-435,0.0,0.48828125,-26.55029296875
1783152845.3857768,55 53 0f 00 6a 00 66 21 84 09 35,15,106,8550,0.0823974609375,0.582275390625,46.966552734375,-3.36181640625,46.966552734375,-42.769775390625,317.230224609375,0.582275390625,1783152845.372884,1,25,-743,0.06103515625,1.52587890625,-45.34912109375
1783152845.4854794,55 53 13 00 76 00 ae 1e 84 09 8a,19,118,7854,0.1043701171875,0.648193359375,43.143310546875,-3.8232421875,43.143310546875,-38.946533203125,321.053466796875,0.648193359375,1783152845.472453,-6,-7,-518,-0.3662109375,-0.42724609375,-31.6162109375
1783152845.585857,55 53 12 00 79 00 a9 1c 83 09 84,18,121,7337,0.098876953125,0.6646728515625,40.3033447265625,-2.8399658203125,40.3033447265625,-36.1065673828125,323.8934326171875,0.6646728515625,1783152845.5730596,-5,-2,-469,-0.30517578125,-0.1220703125,-28.62548828125
1783152845.685654,55 53 11 00 7c 00 ca 1a 88 09 aa,17,124,6858,0.0933837890625,0.68115234375,37.672119140625,-2.6312255859375,37.672119140625,-33.475341796875,326.524658203125,0.68115234375,1783152845.6724494,-5,-2,-363,-0.30517578125,-0.1220703125,-22.15576171875
1783152845.7857354,55 53 10 00 7c 00 e2 18 88 09 bf,16,124,6370,0.087890625,0.68115234375,34.991455078125,-2.6806640625,34.991455078125,-30.794677734375,329.205322265625,0.68115234375,1783152845.7729242,-3,0,-406,-0.18310546875,0.0,-24.7802734375
1783152845.8864703,55 53 11 00 80 00 30 17 83 09 0c,17,128,5936,0.0933837890625,0.703125,32.607421875,-2.384033203125,32.607421875,-28.41064453125,331.58935546875,0.703125,1783152845.87327,0,5,-326,0.0,0.30517578125,-19.8974609375
1783152845.9851995,55 53 12 00 85 00 d6 15 86 09 b9,18,133,5590,0.098876953125,0.7305908203125,30.706787109375,-1.900634765625,30.706787109375,-26.510009765625,333.489990234375,0.7305908203125,1783152845.97277,0,6,-223,0.0,0.3662109375,-13.61083984375
1783152846.0853078,55 53 15 00 8c 00 df 13 88 09 cc,21,140,5087,0.1153564453125,0.76904296875,27.9437255859375,-2.7630615234375,27.9437255859375,-23.7469482421875,336.2530517578125,0.76904296875,1783152846.073008,-1,7,-469,-0.06103515625,0.42724609375,-28.62548828125
1783152846.1856053,55 53 16 00 91 00 d1 11 87 09 c1,22,145,4561,0.120849609375,0.7965087890625,25.0543212890625,-2.889404296875,25.0543212890625,-20.8575439453125,339.1424560546875,0.7965087890625,1783152846.1731014,-3,1,-410,-0.18310546875,0.06103515625,-25.0244140625
1783152846.284739,55 53 16 00 95 00 ab 0f 85 09 9b,22,149,4011,0.120849609375,0.8184814453125,22.0330810546875,-3.021240234375,22.0330810546875,-17.8363037109375,342.1636962890625,0.8184814453125,1783152846.2720988,-3,1,-483,-0.18310546875,0.06103515625,-29.47998046875
1783152846.3854804,55 53 17 00 99 00 68 0d 86 09 5c,23,153,3432,0.1263427734375,0.8404541015625,18.8525390625,-3.1805419921875,18.8525390625,-14.65576171875,345.34423828125,0.8404541015625,1783152846.3725471,-3,0,-561,-0.18310546875,0.0,-34.24072265625
1783152846.4849436,55 53 16 00 9f 00 10 0b 87 09 08,22,159,2832,0.120849609375,0.8734130859375,15.556640625,-3.2958984375,15.556640625,-11.35986328125,348.64013671875,0.8734130859375,1783152846.4723518,-1,5,-441,-0.06103515625,0.30517578125,-26.91650390625
1783152846.5848868,55 53 15 00 a1 00 4e 09 88 09 46,21,161,2382,0.1153564453125,0.8843994140625,13.084716796875,-2.471923828125,13.084716796875,-8.887939453125,351.112060546875,0.8843994140625,1783152846.5722067,-2,2,-307,-0.1220703125,0.1220703125,-18.73779296875
1783152846.684766,55 53 13 00 a1 00 1f 08 85 09 11,19,161,2079,0.1043701171875,0.8843994140625,11.4202880859375,-1.6644287109375,11.4202880859375,-7.2235107421875,352.7764892578125,0.8843994140625,1783152846.6720877,-1,2,-138,-0.06103515625,0.1220703125,-8.4228515625
1783152846.7847452,55 53 11 00 9c 00 3f 07 86 09 2a,17,156,1855,0.0933837890625,0.85693359375,10.1898193359375,-1.23046875,10.1898193359375,-5.9930419921875,354.0069580078125,0.85693359375,1783152846.7723918,0,0,-170,0.0,0.0,-10.3759765625
1783152846.884708,55 53 11 00 9b 00 f5 05 85 09 dc,17,155,1525,0.0933837890625,0.8514404296875,8.3770751953125,-1.812744140625,8.3770751953125,-4.1802978515625,355.8197021484375,0.8514404296875,1783152846.8719654,-2,0,-318,-0.1220703125,0.0,-19.4091796875
1783152846.984714,55 53 11 00 9c 00 2b 04 8a 09 17,17,156,1067,0.0933837890625,0.85693359375,5.8612060546875,-2.515869140625,5.8612060546875,-1.6644287109375,358.3355712890625,0.85693359375,1783152846.9723046,-2,1,-291,-0.1220703125,0.06103515625,-17.76123046875
1783152847.0850148,55 53 11 00 9d 00 a6 02 84 09 8b,17,157,678,0.0933837890625,0.8624267578125,3.724365234375,-2.1368408203125,3.724365234375,0.472412109375,0.472412109375,0.8624267578125,1783152847.0719254,-2,-1,-328,-0.1220703125,-0.06103515625,-20.01953125
1783152847.1847384,55 53 0f 00 9c 00 6f 01 81 09 4d,15,156,367,0.0823974609375,0.85693359375,2.0159912109375,-1.7083740234375,2.0159912109375,2.1807861328125,2.1807861328125,0.85693359375,1783152847.1719956,-1,0,-319,-0.06103515625,0.0,-19.47021484375
1783152847.2845762,55 53 0f 00 9c 00 51 00 87 09 34,15,156,81,0.0823974609375,0.85693359375,0.4449462890625,-1.571044921875,0.4449462890625,3.7518310546875,3.7518310546875,0.85693359375,1783152847.2719285,0,4,-214,0.0,0.244140625,-13.0615234375
1783152847.3845427,55 53 0e 00 9e 00 f7 fe 85 09 d7,14,158,-265,0.076904296875,0.867919921875,-1.4556884765625,-1.900634765625,-1.4556884765625,5.6524658203125,5.6524658203125,0.867919921875,1783152847.371929,-3,-3,-236,-0.18310546875,-0.18310546875,-14.404296875
1783152847.4844675,55 53 0c 00 9e 00 c2 fd 88 09 a2,12,158,-574,0.06591796875,0.867919921875,-3.153076171875,-1.6973876953125,-3.153076171875,7.349853515625,7.349853515625,0.867919921875,1783152847.4719148,-3,3,-186,-0.18310546875,0.18310546875,-11.3525390625
1783152847.5844934,55 53 0c 00 9f 00 59 fc 86 09 37,12,159,-935,0.06591796875,0.8734130859375,-5.1361083984375,-1.9830322265625,-5.1361083984375,9.3328857421875,9.3328857421875,0.8734130859375,1783152847.5718658,-1,2,-273,-0.06103515625,0.1220703125,-16.66259765625
1783152847.6844354,55 53 0b 00 a2 00 90 fa 85 09 6d,11,162,-1392,0.0604248046875,0.889892578125,-7.646484375,-2.5103759765625,-7.646484375,11.84326171875,11.84326171875,0.889892578125,1783152847.671812,-5,0,-492,-0.30517578125,0.0,-30.029296875
1783152847.7845333,55 53 09 00 a7 00 4e f8 85 09 2c,9,167,-1970,0.0494384765625,0.9173583984375,-10.821533203125,-3.175048828125,-10.821533203125,15.018310546875,15.018310546875,0.9173583984375,1783152847.7718315,-4,0,-451,-0.244140625,0.0,-27.52685546875
1783152847.8844717,55 53 06 00 ab 00 88 f6 85 09 65,6,171,-2424,0.032958984375,0.9393310546875,-13.3154296875,-2.493896484375,-13.3154296875,17.51220703125,17.51220703125,0.9393310546875,1783152847.8723698,-1,2,-301,-0.06103515625,0.1220703125,-18.37158203125
1783152847.9844654,55 53 04 00 aa 00 75 f5 83 09 4c,4,170,-2699,0.02197265625,0.933837890625,-14.8260498046875,-1.5106201171875,-14.8260498046875,19.0228271484375,19.0228271484375,0.933837890625,1783152847.9720159,-2,0,-148,-0.1220703125,0.0,-9.033203125
1783152848.0843434,55 53 02 00 a7 00 80 f4 88 09 56,2,167,-2944,0.010986328125,0.9173583984375,-16.171875,-1.3458251953125,-16.171875,20.36865234375,20.36865234375,0.9173583984375,1783152848.072369,-1,0,-171,-0.06103515625,0.0,-10.43701171875
1783152848.1843162,55 53 01 00 a5 00 a3 f3 8c 09 79,1,165,-3165,0.0054931640625,0.9063720703125,-17.3858642578125,-1.2139892578125,-17.3858642578125,21.5826416015625,21.5826416015625,0.9063720703125,1783152848.1719143,-1,0,-155,-0.06103515625,0.0,-9.46044921875
1783152848.2843552,55 53 01 00 a5 00 8a f2 85 09 58,1,165,-3446,0.0054931640625,0.9063720703125,-18.929443359375,-1.5435791015625,-18.929443359375,23.126220703125,23.126220703125,0.9063720703125,1783152848.2723246,-1,0,-219,-0.06103515625,0.0,-13.36669921875
1783152848.3843777,55 53 00 00 aa 00 38 f1 88 09 0c,0,170,-3784,0.0,0.933837890625,-20.7861328125,-1.856689453125,-20.7861328125,24.98291015625,24.98291015625,0.933837890625,1783152848.3716753,-1,7,-267,-0.06103515625,0.42724609375,-16.29638671875
1783152848.4842691,55 53 ff ff ae 00 d6 ef 89 09 ab,-1,174,-4138,-0.0054931640625,0.955810546875,-22.730712890625,-1.944580078125,-22.730712890625,26.927490234375,26.927490234375,0.955810546875,1783152848.4719536,-2,-3,-221,-0.1220703125,-0.18310546875,-13.48876953125
1783152848.5843585,55 53 fd ff b0 00 13 ee 8a 09 e8,-3,176,-4589,-0.0164794921875,0.966796875,-25.2081298828125,-2.4774169921875,-25.2081298828125,29.4049072265625,29.4049072265625,0.966796875,1783152848.571702,-2,2,-408,-0.1220703125,0.1220703125,-24.90234375
1783152848.6843028,55 53 fa ff b6 00 18 ec 86 09 ea,-6,182,-5096,-0.032958984375,0.999755859375,-27.9931640625,-2.7850341796875,-27.9931640625,32.18994140625,32.18994140625,0.999755859375,1783152848.6724007,-4,2,-365,-0.244140625,0.1220703125,-22.27783203125
1783152848.784315,55 53 f6 ff b8 00 68 ea 88 09 38,-10,184,-5528,-0.054931640625,1.0107421875,-30.3662109375,-2.373046875,-30.3662109375,34.56298828125,34.56298828125,1.0107421875,1783152848.7718403,-2,0,-313,-0.1220703125,0.0,-19.10400390625
1783152848.8842108,55 53 f5 ff bd 00 8f e8 86 09 5f,-11,189,-6001,-0.0604248046875,1.0382080078125,-32.9644775390625,-2.5982666015625,-32.9644775390625,37.1612548828125,37.1612548828125,1.0382080078125,1783152848.8723216,-2,5,-333,-0.1220703125,0.30517578125,-20.32470703125
1783152848.9843893,55 53 f3 ff c0 00 2b e7 8c 09 01,-13,192,-6357,-0.0714111328125,1.0546875,-34.9200439453125,-1.95556640625,-34.9200439453125,39.1168212890625,39.1168212890625,1.0546875,1783152848.9717345,-2,1,-191,-0.1220703125,0.06103515625,-11.65771484375
1783152849.0842333,55 53 f2 ff c3 00 c1 e5 89 09 94,-14,195,-6719,-0.076904296875,1.0711669921875,-36.9085693359375,-1.988525390625,-36.9085693359375,41.1053466796875,41.1053466796875,1.0711669921875,1783152849.0723014,0,3,-331,0.0,0.18310546875,-20.20263671875
1783152849.184244,55 53 f0 ff c8 00 97 e3 86 09 68,-16,200,-7273,-0.087890625,1.0986328125,-39.9517822265625,-3.043212890625,-39.9517822265625,44.1485595703125,44.1485595703125,1.0986328125,1783152849.1717706,-3,2,-401,-0.18310546875,0.1220703125,-24.47509765625
1783152849.2840667,55 53 ed ff cf 00 cb e1 88 09 a0,-19,207,-7733,-0.1043701171875,1.1370849609375,-42.4786376953125,-2.52685546875,-42.4786376953125,46.6754150390625,46.6754150390625,1.1370849609375,1783152849.2722116,-2,-4,-316,-0.1220703125,-0.244140625,-19.287109375
1783152849.3842037,55 53 e9 ff d4 00 8f df 87 09 62,-23,212,-8305,-0.1263427734375,1.16455078125,-45.6207275390625,-3.14208984375,-45.6207275390625,49.8175048828125,49.8175048828125,1.16455078125,1783152849.3717623,-3,4,-513,-0.18310546875,0.244140625,-31.31103515625
1783152849.484069,55 53 e5 ff d8 00 43 dd 85 09 12,-27,216,-8893,-0.1483154296875,1.1865234375,-48.8507080078125,-3.22998046875,-48.8507080078125,53.0474853515625,53.0474853515625,1.1865234375,1783152849.4717934,-3,1,-452,-0.18310546875,0.06103515625,-27.587890625
1783152849.5842905,55 53 df ff dc 00 e4 da 89 09 b2,-33,220,-9500,-0.1812744140625,1.20849609375,-52.18505859375,-3.3343505859375,-52.18505859375,56.3818359375,56.3818359375,1.20849609375,1783152849.5717142,-4,-1,-489,-0.244140625,-0.06103515625,-29.84619140625
1783152849.6840434,55 53 da ff e1 00 5e d8 89 09 2a,-38,225,-10146,-0.208740234375,1.2359619140625,-55.733642578125,-3.548583984375,-55.733642578125,59.930419921875,59.930419921875,1.2359619140625,1783152849.671943,-5,0,-566,-0.30517578125,0.0,-34.5458984375
1783152849.784008,55 53 d3 ff e4 00 dd d5 8b 09 a4,-45,228,-10787,-0.2471923828125,1.25244140625,-59.2547607421875,-3.5211181640625,-59.2547607421875,63.4515380859375,63.4515380859375,1.25244140625,1783152849.771504,-3,4,-410,-0.18310546875,0.244140625,-25.0244140625
1783152849.8840306,55 53 cd ff e7 00 e2 d3 88 09 a1,-51,231,-11294,-0.2801513671875,1.2689208984375,-62.039794921875,-2.7850341796875,-62.039794921875,66.236572265625,66.236572265625,1.2689208984375,1783152849.8718748,-4,4,-437,-0.244140625,0.244140625,-26.67236328125
1783152849.9841,55 53 c7 ff ed 00 4b d1 88 09 08,-57,237,-11957,-0.3131103515625,1.3018798828125,-65.6817626953125,-3.6419677734375,-65.6817626953125,69.8785400390625,69.8785400390625,1.3018798828125,1783152849.9715545,-6,6,-654,-0.3662109375,0.3662109375,-39.9169921875
1783152850.0839226,55 53 c0 ff f6 00 19 ce 87 09 d4,-64,246,-12775,-0.3515625,1.351318359375,-70.1751708984375,-4.493408203125,-70.1751708984375,74.3719482421875,74.3719482421875,1.351318359375,1783152850.0718105,-4,4,-673,-0.244140625,0.244140625,-41.07666015625
1783152850.1842377,55 53 b7 ff f9 00 7e cb 89 09 32,-73,249,-13442,-0.4010009765625,1.3677978515625,-73.839111328125,-3.6639404296875,-73.839111328125,78.035888671875,78.035888671875,1.3677978515625,1783152850.1714933,-4,2,-426,-0.244140625,0.1220703125,-26.0009765625
1783152850.283873,55 53 b1 ff f8 00 c4 c9 8c 09 72,-79,248,-13884,-0.4339599609375,1.3623046875,-76.26708984375,-2.427978515625,-76.26708984375,80.4638671875,80.4638671875,1.3623046875,1783152850.271558,-2,3,-332,-0.1220703125,0.18310546875,-20.263671875
1783152850.3841975,55 53 ab ff f7 00 3b c8 89 09 de,-85,247,-14277,-0.4669189453125,1.3568115234375,-78.4259033203125,-2.1588134765625,-78.4259033203125,82.6226806640625,82.6226806640625,1.3568115234375,1783152850.3715563,-1,5,-370,-0.06103515625,0.30517578125,-22.5830078125
1783152850.4837613,55 53 a6 ff f8 00 85 c6 88 09 21,-90,248,-14715,-0.494384765625,1.3623046875,-80.8319091796875,-2.406005859375,-80.8319091796875,85.0286865234375,85.0286865234375,1.3623046875,1783152850.4715824,-5,1,-331,-0.30517578125,0.06103515625,-20.20263671875
1783152850.5841727,55 53 9f ff f9 00 ad c4 88 09 41,-97,249,-15187,-0.5328369140625,1.3677978515625,-83.4246826171875,-2.5927734375,-83.4246826171875,87.6214599609375,87.6214599609375,1.3677978515625,1783152850.5713937,-5,2,-357,-0.30517578125,0.1220703125,-21.78955078125
1783152850.683774,55 53 98 ff f7 00 48 c3 87 09 d1,-104,247,-15544,-0.5712890625,1.3568115234375,-85.3857421875,-1.9610595703125,-85.3857421875,89.58251953125,89.58251953125,1.3568115234375,1783152850.6716914,-4,1,-298,-0.244140625,0.06103515625,-18.1884765625
1783152850.7842314,55 53 92 ff f5 00 db c1 8a 09 5d,-110,245,-15909,-0.604248046875,1.3458251953125,-87.3907470703125,-2.0050048828125,-87.3907470703125,91.5875244140625,91.5875244140625,1.3458251953125,1783152850.771486,-1,5,-315,-0.06103515625,0.30517578125,-19.22607421875
1783152850.8837898,55 53 8e ff f7 00 20 c0 8a 09 9f,-114,247,-16352,-0.626220703125,1.3568115234375,-89.82421875,-2.4334716796875,-89.82421875,94.02099609375,94.02099609375,1.3568115234375,1783152850.8716955,-3,5,-346,-0.18310546875,0.30517578125,-21.1181640625
1783152850.984195,55 53 88 ff f6 00 46 be 87 09 b9,-120,246,-16826,-0.6591796875,1.351318359375,-92.427978515625,-2.603759765625,-92.427978515625,96.624755859375,96.624755859375,1.351318359375,1783152850.971443,-4,2,-381,-0.244140625,0.1220703125,-23.25439453125
1783152851.0837202,55 53 83 ff f6 00 39 bc 8c 09 aa,-125,246,-17351,-0.6866455078125,1.351318359375,-95.3118896484375,-2.8839111328125,-95.3118896484375,99.5086669921875,99.5086669921875,1.351318359375,1783152851.071393,-5,3,-470,-0.30517578125,0.18310546875,-28.6865234375
1783152851.1841247,55 53 7b ff f4 00 17 ba 8c 09 7c,-133,244,-17897,-0.7305908203125,1.34033203125,-98.3111572265625,-2.999267578125,-98.3111572265625,102.5079345703125,102.5079345703125,1.34033203125,1783152851.1714954,-6,1,-392,-0.3662109375,0.06103515625,-23.92578125
1783152851.2835772,55 53 75 ff f3 00 4a b8 8a 09 a4,-139,243,-18358,-0.7635498046875,1.3348388671875,-100.843505859375,-2.5323486328125,-100.843505859375,105.040283203125,105.040283203125,1.3348388671875,1783152851.27116,-2,4,-390,-0.1220703125,0.244140625,-23.8037109375
1783152851.3837752,55 53 70 ff f2 00 8d b6 8c 09 e1,-144,242,-18803,-0.791015625,1.329345703125,-103.2879638671875,-2.4444580078125,-103.2879638671875,107.4847412109375,107.4847412109375,1.329345703125,1783152851.3711839,-2,5,-423,-0.1220703125,0.30517578125,-25.81787109375
1783152851.483524,55 53 6c ff ef 00 6c b4 8c 09 b7,-148,239,-19348,-0.81298828125,1.3128662109375,-106.28173828125,-2.9937744140625,-106.28173828125,110.478515625,110.478515625,1.3128662109375,1783152851.4715748,-3,0,-517,-0.18310546875,0.0,-31.55517578125
1783152851.5838873,55 53 63 ff eb 00 38 b2 8b 09 73,-157,235,-19912,-0.8624267578125,1.2908935546875,-109.3798828125,-3.09814453125,-109.3798828125,113.57666015625,113.57666015625,1.2908935546875,1783152851.5713003,-8,0,-368,-0.48828125,0.0,-22.4609375
1783152851.6836,55 53 5a ff e4 00 d1 b0 8c 09 fb,-166,228,-20271,-0.911865234375,1.25244140625,-111.3519287109375,-1.9720458984375,-111.3519287109375,115.5487060546875,115.5487060546875,1.25244140625,1783152851.6714578,-13,-19,-211,-0.79345703125,-1.15966796875,-12.87841796875
1783152851.783641,55 53 51 ff d9 00 48 af 88 09 59,-175,217,-20664,-0.9613037109375,1.1920166015625,-113.5107421875,-2.1588134765625,-113.5107421875,117.70751953125,117.70751953125,1.1920166015625,1783152851.7714345,-4,4,-384,-0.244140625,0.244140625,-23.4375
1783152851.8834755,55 53 4d ff d8 00 c0 ad 8c 09 ce,-179,216,-21056,-0.9832763671875,1.1865234375,-115.6640625,-2.1533203125,-115.6640625,119.86083984375,119.86083984375,1.1865234375,1783152851.8714442,-1,7,-311,-0.06103515625,0.42724609375,-18.98193359375
1783152851.983915,55 53 48 ff d7 00 74 ac 8d 09 7c,-184,215,-21388,-1.0107421875,1.1810302734375,-117.48779296875,-1.82373046875,-117.48779296875,121.6845703125,121.6845703125,1.1810302734375,1783152851.9709754,-6,4,-353,-0.3662109375,0.244140625,-21.54541015625
1783152852.0834749,55 53 43 ff d7 00 be aa 87 09 b9,-189,215,-21826,-1.0382080078125,1.1810302734375,-119.893798828125,-2.406005859375,-119.893798828125,124.090576171875,124.090576171875,1.1810302734375,1783152852.0714164,-1,8,-403,-0.06103515625,0.48828125,-24.59716796875
1783152852.1838045,55 53 3f ff d5 00 d6 a8 8c 09 ce,-193,213,-22314,-1.0601806640625,1.1700439453125,-122.574462890625,-2.6806640625,-122.574462890625,126.771240234375,126.771240234375,1.1700439453125,1783152852.1712499,-3,5,-424,-0.18310546875,0.30517578125,-25.87890625
1783152852.2834318,55 53 3d ff d8 00 c6 a6 8a 09 bb,-195,216,-22842,-1.0711669921875,1.1865234375,-125.474853515625,-2.900390625,-125.474853515625,129.671630859375,129.671630859375,1.1865234375,1783152852.2711263,-2,8,-358,-0.1220703125,0.48828125,-21.8505859375
1783152852.3837543,55 53 39 ff d4 00 7b a5 8c 09 69,-199,212,-23173,-1.0931396484375,1.16455078125,-127.2930908203125,-1.8182373046875,-127.2930908203125,131.4898681640625,131.4898681640625,1.16455078125,1783152852.3712995,-2,2,-251,-0.1220703125,0.1220703125,-15.31982421875
1783152852.4833362,55 53 37 ff d2 00 14 a4 8b 09 fc,-201,210,-23532,-1.1041259765625,1.153564453125,-129.26513671875,-1.9720458984375,-129.26513671875,133.4619140625,133.4619140625,1.153564453125,1783152852.471247,-2,5,-338,-0.1220703125,0.30517578125,-20.6298828125
1783152852.5836456,55 53 36 ff d1 00 71 a2 8f 09 59,-202,209,-23951,-1.109619140625,1.1480712890625,-131.5667724609375,-2.3016357421875,-131.5667724609375,135.7635498046875,135.7635498046875,1.1480712890625,1783152852.5712068,-1,6,-462,-0.06103515625,0.3662109375,-28.1982421875
1783152852.683424,55 53 36 ff d2 00 96 a0 8c 09 7a,-202,210,-24426,-1.109619140625,1.153564453125,-134.176025390625,-2.6092529296875,-134.176025390625,138.372802734375,138.372802734375,1.153564453125,1783152852.6709478,3,10,-282,0.18310546875,0.6103515625,-17.2119140625
1783152852.7836368,55 53 37 ff d2 00 98 9e 89 09 78,-201,210,-24936,-1.1041259765625,1.153564453125,-136.9775390625,-2.801513671875,-136.9775390625,141.17431640625,141.17431640625,1.153564453125,1783152852.7709138,-5,0,-553,-0.30517578125,0.0,-33.75244140625
1783152852.8832288,55 53 32 ff ce 00 70 9c 89 09 45,-206,206,-25488,-1.131591796875,1.131591796875,-140.009765625,-3.0322265625,-140.009765625,144.20654296875,144.20654296875,1.131591796875,1783152852.8715181,-1,2,-403,-0.06103515625,0.1220703125,-24.59716796875
1783152852.9835432,55 53 31 ff ce 00 19 9b 8c 09 ef,-207,206,-25831,-1.1370849609375,1.131591796875,-141.8939208984375,-1.8841552734375,-141.8939208984375,146.0906982421875,146.0906982421875,1.131591796875,1783152852.9711928,3,13,-353,0.18310546875,0.79345703125,-21.54541015625
1783152853.0831928,55 53 31 ff cc 00 a0 99 8e 09 74,-207,204,-26208,-1.1370849609375,1.12060546875,-143.96484375,-2.0709228515625,-143.96484375,148.16162109375,148.16162109375,1.12060546875,1783152853.071118,-1,4,-375,-0.06103515625,0.244140625,-22.88818359375
1783152853.1833978,55 53 31 ff c8 00 c2 97 8e 09 90,-207,200,-26686,-1.1370849609375,1.0986328125,-146.590576171875,-2.625732421875,-146.590576171875,150.787353515625,150.787353515625,1.0986328125,1783152853.1710262,0,5,-503,0.0,0.30517578125,-30.70068359375
1783152853.2831132,55 53 31 ff c6 00 b4 95 8f 09 7f,-207,198,-27212,-1.1370849609375,1.087646484375,-149.47998046875,-2.889404296875,-149.47998046875,153.6767578125,153.6767578125,1.087646484375,1783152853.2710423,0,6,-545,0.0,0.3662109375,-33.26416015625
1783152853.3834848,55 53 30 ff c1 00 06 94 8c 09 c7,-208,193,-27642,-1.142578125,1.0601806640625,-151.842041015625,-2.362060546875,-151.842041015625,156.038818359375,156.038818359375,1.0601806640625,1783152853.370968,-1,2,-297,-0.06103515625,0.1220703125,-18.12744140625
1783152853.4830213,55 53 32 ff c5 00 a6 92 8e 09 6d,-206,197,-27994,-1.131591796875,1.0821533203125,-153.775634765625,-1.93359375,-153.775634765625,157.972412109375,157.972412109375,1.0821533203125,1783152853.4707491,0,8,-325,0.0,0.48828125,-19.83642578125
1783152853.58336,55 53 33 ff c5 00 15 91 8c 09 da,-205,197,-28395,-1.1260986328125,1.0821533203125,-155.9783935546875,-2.2027587890625,-155.9783935546875,160.1751708984375,160.1751708984375,1.0821533203125,1783152853.5708373,-3,0,-392,-0.18310546875,0.0,-23.92578125
1783152853.6830223,55 53 31 ff bc 00 d3 8f 8b 09 8a,-207,188,-28717,-1.1370849609375,1.03271484375,-157.7471923828125,-1.768798828125,-157.7471923828125,161.9439697265625,161.9439697265625,1.03271484375,1783152853.670609,-2,0,-295,-0.1220703125,0.0,-18.00537109375
1783152853.7829535,55 53 31 ff bd 00 7f 8e 8f 09 3a,-207,189,-29057,-1.1370849609375,1.0382080078125,-159.6148681640625,-1.86767578125,-159.6148681640625,163.8116455078125,163.8116455078125,1.0382080078125,1783152853.7703981,0,16,-442,0.0,0.9765625,-26.9775390625
1783152853.8827617,55 53 33 ff c1 00 03 8d 8e 09 c2,-205,193,-29437,-1.1260986328125,1.0601806640625,-161.7022705078125,-2.08740234375,-161.7022705078125,165.8990478515625,165.8990478515625,1.0601806640625,1783152853.870055,0,13,-303,0.0,0.79345703125,-18.49365234375
1783152853.9827285,55 53 32 ff c9 00 0b 8c 8c 09 ce,-206,201,-29685,-1.131591796875,1.1041259765625,-163.0645751953125,-1.3623046875,-163.0645751953125,167.2613525390625,167.2613525390625,1.1041259765625,1783152853.9704943,0,10,-199,0.0,0.6103515625,-12.14599609375
1783152854.0828204,55 53 32 ff c2 00 1c 8b 8a 09 d5,-206,194,-29924,-1.131591796875,1.065673828125,-164.37744140625,-1.3128662109375,-164.37744140625,168.57421875,168.57421875,1.065673828125,1783152854.0700314,-1,-22,-265,-0.06103515625,-1.3427734375,-16.17431640625
1783152854.1827357,55 53 2d ff a9 00 08 8a 8f 09 a7,-211,169,-30200,-1.1590576171875,0.9283447265625,-165.8935546875,-1.51611328125,-165.8935546875,170.09033203125,170.09033203125,0.9283447265625,1783152854.1702433,-4,-10,-286,-0.244140625,-0.6103515625,-17.4560546875
1783152854.2826877,55 53 29 ff 9f 00 06 89 8f 09 96,-215,159,-30458,-1.1810302734375,0.8734130859375,-167.310791015625,-1.417236328125,-167.310791015625,171.507568359375,171.507568359375,0.8734130859375,1783152854.2701874,-5,2,-396,-0.30517578125,0.1220703125,-24.169921875
1783152854.3826613,55 53 29 ff 9c 00 f1 87 90 09 7d,-215,156,-30735,-1.1810302734375,0.85693359375,-168.8323974609375,-1.5216064453125,-168.8323974609375,173.0291748046875,173.0291748046875,0.85693359375,1783152854.3702843,-1,0,-214,-0.06103515625,0.0,-13.0615234375
1783152854.4829478,55 53 29 ff 98 00 45 87 8c 09 c9,-215,152,-30907,-1.1810302734375,0.8349609375,-169.7772216796875,-0.94482421875,-169.7772216796875,173.9739990234375,173.9739990234375,0.8349609375,1783152854.470548,0,2,-186,0.0,0.1220703125,-11.3525390625
1783152854.583327,55 53 2a ff 94 00 78 86 8f 09 fb,-214,148,-31112,-1.175537109375,0.81298828125,-170.9033203125,-1.1260986328125,-170.9033203125,175.10009765625,175.10009765625,0.81298828125,1783152854.5701673,-1,2,-227,-0.06103515625,0.1220703125,-13.85498046875
1783152854.683619,55 53 2a ff 8d 00 6e 85 8c 09 e6,-214,141,-31378,-1.175537109375,0.7745361328125,-172.364501953125,-1.461181640625,-172.364501953125,176.561279296875,176.561279296875,0.7745361328125,1783152854.6703186,-2,-3,-143,-0.1220703125,-0.18310546875,-8.72802734375
1783152854.7829545,55 53 2a ff 8a 00 d6 84 8c 09 4a,-214,138,-31530,-1.175537109375,0.758056640625,-173.199462890625,-0.8349609375,-173.199462890625,177.396240234375,177.396240234375,0.758056640625,1783152854.7704668,0,0,-51,0.0,0.0,-3.11279296875
1783152854.8828979,55 53 2a ff 86 00 55 84 8c 09 c5,-214,134,-31659,-1.175537109375,0.736083984375,-173.9080810546875,-0.7086181640625,-173.9080810546875,178.1048583984375,178.1048583984375,0.736083984375,1783152854.8704643,0,-1,-102,0.0,-0.06103515625,-6.2255859375
1783152854.9828956,55 53 2b ff 82 00 d9 83 91 09 4a,-213,130,-31783,-1.1700439453125,0.714111328125,-174.5892333984375,-0.68115234375,-174.5892333984375,178.7860107421875,178.7860107421875,0.714111328125,1783152854.97047,0,4,-214,0.0,0.244140625,-13.0615234375
1783152855.082914,55 53 2a ff 7c 00 73 83 8e 09 da,-214,124,-31885,-1.175537109375,0.68115234375,-175.1495361328125,-0.560302734375,-175.1495361328125,179.3463134765625,179.3463134765625,0.68115234375,1783152855.0704658,0,2,-187,0.0,0.1220703125,-11.41357421875
1783152855.1828327,55 53 2a ff 77 00 1a 83 8e 09 7c,-214,119,-31974,-1.175537109375,0.6536865234375,-175.638427734375,-0.4888916015625,-175.638427734375,179.835205078125,179.835205078125,0.6536865234375,1783152855.1701767,0,-1,-75,0.0,-0.06103515625,-4.57763671875
1783152855.282453,55 53 2b ff 74 00 b3 82 8e 09 12,-213,116,-32077,-1.1700439453125,0.63720703125,-176.2042236328125,-0.5657958984375,-176.2042236328125,180.4010009765625,180.4010009765625,0.63720703125,1783152855.2699533,0,-1,-68,0.0,-0.06103515625,-4.150390625
1783152855.3825252,55 53 2c ff 70 00 57 82 8f 09 b4,-212,112,-32169,-1.16455078125,0.615234375,-176.7095947265625,-0.50537109375,-176.7095947265625,180.9063720703125,180.9063720703125,0.615234375,1783152855.3699632,0,2,-160,0.0,0.1220703125,-9.765625
1783152855.482763,55 53 2b ff 6c 00 fa 81 8d 09 4f,-213,108,-32262,-1.1700439453125,0.59326171875,-177.220458984375,-0.5108642578125,-177.220458984375,181.417236328125,181.417236328125,0.59326171875,1783152855.4704807,0,5,-140,0.0,0.30517578125,-8.544921875
1783152855.5823808,55 53 2a ff 68 00 e2 81 8d 09 32,-214,104,-32286,-1.175537109375,0.5712890625,-177.352294921875,-0.1318359375,-177.352294921875,181.549072265625,181.549072265625,0.5712890625,1783152855.5698557,0,2,-4,0.0,0.1220703125,-0.244140625
1783152855.682339,55 53 2a ff 61 00 b2 81 8e 09 fc,-214,97,-32334,-1.175537109375,0.5328369140625,-177.615966796875,-0.263671875,-177.615966796875,181.812744140625,181.812744140625,0.5328369140625,1783152855.670318,0,-2,-20,0.0,-0.1220703125,-1.220703125
1783152855.7824845,55 53 2a ff 5f 00 7d 81 8f 09 c6,-214,95,-32387,-1.175537109375,0.5218505859375,-177.9071044921875,-0.2911376953125,-177.9071044921875,182.1038818359375,182.1038818359375,0.5218505859375,1783152855.770154,-1,1,-125,-0.06103515625,0.06103515625,-7.62939453125
1783152855.8830984,55 53 29 ff 58 00 54 81 8d 09 93,-215,88,-32428,-1.1810302734375,0.4833984375,-178.13232421875,-0.2252197265625,-178.13232421875,182.3291015625,182.3291015625,0.4833984375,1783152855.8702776,0,2,-140,0.0,0.1220703125,-8.544921875
1783152855.9826643,55 53 29 ff 53 00 02 81 90 09 3f,-215,83,-32510,-1.1810302734375,0.4559326171875,-178.582763671875,-0.450439453125,-178.582763671875,182.779541015625,182.779541015625,0.4559326171875,1783152855.9697978,0,-2,-2,0.0,-0.1220703125,-0.1220703125
1783152856.0826757,55 53 28 ff 4c 00 e5 80 93 09 1c,-216,76,-32539,-1.1865234375,0.41748046875,-178.7420654296875,-0.1593017578125,-178.7420654296875,182.9388427734375,182.9388427734375,0.41748046875,1783152856.069915,-1,-2,-79,-0.06103515625,-0.1220703125,-4.82177734375
1783152856.1822045,55 53 27 ff 46 00 cb 80 8f 09 f7,-217,70,-32565,-1.1920166015625,0.384521484375,-178.8848876953125,-0.142822265625,-178.8848876953125,183.0816650390625,183.0816650390625,0.384521484375,1783152856.1694753,0,0,-6,0.0,0.0,-0.3662109375
1783152856.282183,55 53 25 ff 43 00 c1 80 8c 09 e5,-219,67,-32575,-1.2030029296875,0.3680419921875,-178.9398193359375,-0.054931640625,-178.9398193359375,183.1365966796875,183.1365966796875,0.3680419921875,1783152856.269548,-1,-1,-4,-0.06103515625,-0.06103515625,-0.244140625
1783152856.382256,55 53 25 ff 40 00 97 80 8d 09 b9,-219,64,-32617,-1.2030029296875,0.3515625,-179.1705322265625,-0.230712890625,-179.1705322265625,183.3673095703125,183.3673095703125,0.3515625,1783152856.3697145,0,2,-55,0.0,0.1220703125,-3.35693359375
1783152856.4824586,55 53 26 ff 3e 00 47 80 8d 09 68,-218,62,-32697,-1.197509765625,0.340576171875,-179.6099853515625,-0.439453125,-179.6099853515625,183.8067626953125,183.8067626953125,0.340576171875,1783152856.4703722,-1,-2,-54,-0.06103515625,-0.1220703125,-3.2958984375
1783152856.5822055,55 53 25 ff 3c 00 15 80 91 09 37,-219,60,-32747,-1.2030029296875,0.32958984375,-179.8846435546875,-0.274658203125,-179.8846435546875,184.0814208984375,184.0814208984375,0.32958984375,1783152856.569588,0,2,-63,0.0,0.1220703125,-3.84521484375
1783152856.682347,55 53 26 ff 3a 00 bf 7f 91 09 df,-218,58,32703,-1.197509765625,0.318603515625,179.6429443359375,-0.472412109375,-180.3570556640625,184.5538330078125,184.5538330078125,0.318603515625,1783152856.669948,1,3,-92,0.06103515625,0.18310546875,-5.615234375
1783152856.7822087,55 53 27 ff 39 00 80 7f 8d 09 9c,-217,57,32640,-1.1920166015625,0.3131103515625,179.296875,-0.3460693359375,-180.703125,184.89990234375,184.89990234375,0.3131103515625,1783152856.7695444,-1,3,-214,-0.06103515625,0.18310546875,-13.0615234375
1783152856.8823872,55 53 28 ff 37 00 14 7f 8f 09 31,-216,55,32532,-1.1865234375,0.3021240234375,178.70361328125,-0.59326171875,-181.29638671875,185.4931640625,185.4931640625,0.3021240234375,1783152856.869892,0,0,-100,0.0,0.0,-6.103515625
1783152856.9820576,55 53 28 ff 32 00 bf 7e 8d 09 d4,-216,50,32447,-1.1865234375,0.274658203125,178.2366943359375,-0.4669189453125,-181.7633056640625,185.9600830078125,185.9600830078125,0.274658203125,1783152856.9692655,-1,0,-146,-0.06103515625,0.0,-8.9111328125
1783152857.0824351,55 53 27 ff 2f 00 97 7e 95 09 b0,-217,47,32407,-1.1920166015625,0.2581787109375,178.0169677734375,-0.2197265625,-181.9830322265625,186.1798095703125,186.1798095703125,0.2581787109375,1783152857.0698216,0,0,-3,0.0,0.0,-0.18310546875
1783152857.181944,55 53 27 ff 2e 00 81 7e 94 09 98,-217,46,32385,-1.1920166015625,0.252685546875,177.8961181640625,-0.120849609375,-182.1038818359375,186.3006591796875,186.3006591796875,0.252685546875,1783152857.169616,0,9,-180,0.0,0.54931640625,-10.986328125
1783152857.2820973,55 53 27 ff 2d 00 50 7e 8f 09 61,-217,45,32336,-1.1920166015625,0.2471923828125,177.626953125,-0.2691650390625,-182.373046875,186.56982421875,186.56982421875,0.2471923828125,1783152857.269566,0,-1,-17,0.0,-0.06103515625,-1.03759765625
1783152857.3819299,55 53 26 ff 2a 00 64 7e 91 09 73,-218,42,32356,-1.197509765625,0.230712890625,177.73681640625,0.10986328125,-182.26318359375,186.4599609375,186.4599609375,0.230712890625,1783152857.3700826,0,1,-1,0.0,0.06103515625,-0.06103515625
1783152857.4821851,55 53 25 ff 28 00 70 7e 8f 09 7a,-219,40,32368,-1.2030029296875,0.2197265625,177.802734375,0.06591796875,-182.197265625,186.39404296875,186.39404296875,0.2197265625,1783152857.4696145,0,3,-24,0.0,0.18310546875,-1.46484375
1783152857.582109,55 53 28 ff 2a 00 d6 7d 8e 09 e3,-216,42,32214,-1.1865234375,0.230712890625,176.956787109375,-0.845947265625,-183.043212890625,187.239990234375,187.239990234375,0.230712890625,1783152857.569455,-1,2,-149,-0.06103515625,0.1220703125,-9.09423828125
1783152857.6821296,55 53 28 ff 28 00 b1 7d 92 09 c0,-216,40,32177,-1.1865234375,0.2197265625,176.7535400390625,-0.2032470703125,-183.2464599609375,187.4432373046875,187.4432373046875,0.2197265625,1783152857.66935,0,-1,0,0.0,-0.06103515625,0.0
1783152857.7817252,55 53 27 ff 27 00 c1 7d 8f 09 cb,-217,39,32193,-1.1920166015625,0.2142333984375,176.8414306640625,0.087890625,-183.1585693359375,187.3553466796875,187.3553466796875,0.2142333984375,1783152857.7694857,1,1,-1,0.06103515625,0.06103515625,-0.06103515625
1783152857.8822033,55 53 28 ff 28 00 83 7d 92 09 92,-216,40,32131,-1.1865234375,0.2197265625,176.5008544921875,-0.340576171875,-183.4991455078125,187.6959228515625,187.6959228515625,0.2197265625,1783152857.8695393,0,-1,-2,0.0,-0.06103515625,-0.1220703125
1783152857.9819372,55 53 26 ff 26 00 98 7d 91 09 a2,-218,38,32152,-1.197509765625,0.208740234375,176.6162109375,0.1153564453125,-183.3837890625,187.58056640625,187.58056640625,0.208740234375,1783152857.9699428,0,0,5,0.0,0.0,0.30517578125
1783152858.0820196,55 53 25 ff 22 00 ad 7d 8f 09 b0,-219,34,32173,-1.2030029296875,0.186767578125,176.7315673828125,0.1153564453125,-183.2684326171875,187.4652099609375,187.4652099609375,0.186767578125,1783152858.0690808,0,0,0,0.0,0.0,0.0
1783152858.1815898,55 53 24 ff 1f 00 bd 7d 8f 09 bc,-220,31,32189,-1.20849609375,0.1702880859375,176.8194580078125,0.087890625,-183.1805419921875,187.3773193359375,187.3773193359375,0.1702880859375,1783152858.1699576,0,-1,-2,0.0,-0.06103515625,-0.1220703125
1783152858.2817562,55 53 24 ff 1e 00 cb 7d 90 09 ca,-220,30,32203,-1.20849609375,0.164794921875,176.8963623046875,0.076904296875,-183.1036376953125,187.3004150390625,187.3004150390625,0.164794921875,1783152858.269461,1,2,-1,0.06103515625,0.1220703125,-0.06103515625
1783152858.381474,55 53 23 ff 1c 00 d9 7d 90 09 d5,-221,28,32217,-1.2139892578125,0.15380859375,176.9732666015625,0.076904296875,-183.0267333984375,187.2235107421875,187.2235107421875,0.15380859375,1783152858.3697472,0,0,0,0.0,0.0,0.0
1783152858.4819458,55 53 22 ff 1a 00 e5 7d 8f 09 dd,-222,26,32229,-1.219482421875,0.142822265625,177.0391845703125,0.06591796875,-182.9608154296875,187.1575927734375,187.1575927734375,0.142822265625,1783152858.4692202,0,0,-1,0.0,0.0,-0.06103515625
1783152858.5814333,55 53 22 ff 18 00 f1 7d 8f 09 e7,-222,24,32241,-1.219482421875,0.1318359375,177.1051025390625,0.06591796875,-182.8948974609375,187.0916748046875,187.0916748046875,0.1318359375,1783152858.5693557,0,0,0,0.0,0.0,0.0
1783152858.6818013,55 53 21 ff 16 00 fd 7d 93 09 f4,-223,22,32253,-1.2249755859375,0.120849609375,177.1710205078125,0.06591796875,-182.8289794921875,187.0257568359375,187.0257568359375,0.120849609375,1783152858.6688106,0,0,0,0.0,0.0,0.0
1783152858.7814424,55 53 20 ff 15 00 08 7e 8f 09 fa,-224,21,32264,-1.23046875,0.1153564453125,177.2314453125,0.0604248046875,-182.7685546875,186.96533203125,186.96533203125,0.1153564453125,1783152858.7686338,0,0,0,0.0,0.0,0.0
1783152858.8817692,55 53 1f ff 13 00 12 7e 8e 09 00,-225,19,32274,-1.2359619140625,0.1043701171875,177.286376953125,0.054931640625,-182.713623046875,186.910400390625,186.910400390625,0.1043701171875,1783152858.868617,0,1,0,0.0,0.06103515625,0.0
1783152858.9809444,55 53 1f ff 13 00 1b 7e 93 09 0e,-225,19,32283,-1.2359619140625,0.1043701171875,177.3358154296875,0.0494384765625,-182.6641845703125,186.8609619140625,186.8609619140625,0.1043701171875,1783152858.9691565,0,0,0,0.0,0.0,0.0
1783152859.081447,55 53 1e ff 12 00 24 7e 90 09 12,-226,18,32292,-1.241455078125,0.098876953125,177.38525390625,0.0494384765625,-182.61474609375,186.8115234375,186.8115234375,0.098876953125,1783152859.0687234,0,1,0,0.0,0.06103515625,0.0
1783152859.1818936,55 53 1d ff 11 00 2c 7e 92 09 1a,-227,17,32300,-1.2469482421875,0.0933837890625,177.42919921875,0.0439453125,-182.57080078125,186.767578125,186.767578125,0.0933837890625,1783152859.1690557,1,1,0,0.06103515625,0.06103515625,0.0
1783152859.2813096,55 53 1d ff 11 00 33 7e 93 09 22,-227,17,32307,-1.2469482421875,0.0933837890625,177.4676513671875,0.0384521484375,-182.5323486328125,186.7291259765625,186.7291259765625,0.0933837890625,1783152859.2687333,0,0,0,0.0,0.0,0.0
1783152859.381042,55 53 1c ff 11 00 3a 7e 94 09 29,-228,17,32314,-1.25244140625,0.0933837890625,177.506103515625,0.0384521484375,-182.493896484375,186.690673828125,186.690673828125,0.0933837890625,1783152859.3687205,0,2,0,0.0,0.1220703125,0.0
1783152859.4813135,55 53 1b ff 10 00 41 7e 92 09 2c,-229,16,32321,-1.2579345703125,0.087890625,177.5445556640625,0.0384521484375,-182.4554443359375,186.6522216796875,186.6522216796875,0.087890625,1783152859.4687834,0,1,0,0.0,0.06103515625,0.0
1783152859.5808492,55 53 1b ff 11 00 47 7e 93 09 34,-229,17,32327,-1.2579345703125,0.0933837890625,177.5775146484375,0.032958984375,-182.4224853515625,186.6192626953125,186.6192626953125,0.0933837890625,1783152859.5683174,0,0,0,0.0,0.0,0.0
1783152859.6808023,55 53 1a ff 10 00 4d 7e 8f 09 34,-230,16,32333,-1.263427734375,0.087890625,177.6104736328125,0.032958984375,-182.3895263671875,186.5863037109375,186.5863037109375,0.087890625,1783152859.6684375,0,1,0,0.0,0.06103515625,0.0
1783152859.7808166,55 53 1a ff 0f 00 53 7e 96 09 40,-230,15,32339,-1.263427734375,0.0823974609375,177.6434326171875,0.032958984375,-182.3565673828125,186.5533447265625,186.5533447265625,0.0823974609375,1783152859.768049,0,0,0,0.0,0.0,0.0
1783152859.8815277,55 53 16 ff 0c 00 f6 7e 94 09 da,-234,12,32502,-1.285400390625,0.06591796875,178.538818359375,0.8953857421875,-181.461181640625,185.657958984375,185.657958984375,0.06591796875,1783152859.86906,0,3,4,0.0,0.18310546875,0.244140625
1783152859.9813662,55 53 16 ff 0c 00 0a 7f 93 09 ee,-234,12,32522,-1.285400390625,0.06591796875,178.648681640625,0.10986328125,-181.351318359375,185.548095703125,185.548095703125,0.06591796875,1783152859.9686344,0,-6,238,0.0,-0.3662109375,14.5263671875
1783152860.0810814,55 53 15 ff 0b 00 3b 7f 90 09 1a,-235,11,32571,-1.2908935546875,0.0604248046875,178.9178466796875,0.2691650390625,-181.0821533203125,185.2789306640625,185.2789306640625,0.0604248046875,1783152860.068967,0,0,1,0.0,0.0,0.06103515625
1783152860.1811142,55 53 13 ff 09 00 95 7f 94 09 74,-237,9,32661,-1.3018798828125,0.0494384765625,179.4122314453125,0.494384765625,-180.5877685546875,184.7845458984375,184.7845458984375,0.0494384765625,1783152860.1682749,0,2,11,0.0,0.1220703125,0.67138671875
1783152860.2811937,55 53 11 ff 08 00 01 80 8f 09 d9,-239,8,-32767,-1.3128662109375,0.0439453125,-179.9945068359375,0.59326171875,-179.9945068359375,184.1912841796875,184.1912841796875,0.0439453125,1783152860.2682383,0,-6,231,0.0,-0.3662109375,14.09912109375
1783152860.381289,55 53 0f ff 06 00 55 80 92 09 2c,-241,6,-32683,-1.3238525390625,0.032958984375,-179.5330810546875,0.46142578125,-179.5330810546875,183.7298583984375,183.7298583984375,0.032958984375,1783152860.3682299,0,1,5,0.0,0.06103515625,0.30517578125
1783152860.4813292,55 53 0c ff 05 00 d9 80 93 09 ad,-244,5,-32551,-1.34033203125,0.0274658203125,-178.8079833984375,0.72509765625,-178.8079833984375,183.0047607421875,183.0047607421875,0.0274658203125,1783152860.468573,0,-4,168,0.0,-0.244140625,10.25390625
1783152860.5809476,55 53 0d ff 04 00 d7 80 93 09 ab,-243,4,-32553,-1.3348388671875,0.02197265625,-178.8189697265625,-0.010986328125,-178.8189697265625,183.0157470703125,183.0157470703125,0.02197265625,1783152860.568328,0,2,-1,0.0,0.1220703125,-0.06103515625
1783152860.6815321,55 53 0e ff 04 00 d5 80 95 09 ac,-242,4,-32555,-1.329345703125,0.02197265625,-178.8299560546875,-0.010986328125,-178.8299560546875,183.0267333984375,183.0267333984375,0.02197265625,1783152860.6686833,0,1,-2,0.0,0.06103515625,-0.1220703125
1783152860.7810206,55 53 0e ff 07 00 d3 80 94 09 ac,-242,7,-32557,-1.329345703125,0.0384521484375,-178.8409423828125,-0.010986328125,-178.8409423828125,183.0377197265625,183.0377197265625,0.0384521484375,1783152860.7689266,0,2,-1,0.0,0.1220703125,-0.06103515625
1783152860.8815608,55 53 0e ff 07 00 d1 80 94 09 aa,-242,7,-32559,-1.329345703125,0.0384521484375,-178.8519287109375,-0.010986328125,-178.8519287109375,183.0487060546875,183.0487060546875,0.0384521484375,1783152860.868783,1,3,-1,0.06103515625,0.18310546875,-0.06103515625
1783152860.9808278,55 53 0f ff 0a 00 d0 80 95 09 ae,-241,10,-32560,-1.3238525390625,0.054931640625,-178.857421875,-0.0054931640625,-178.857421875,183.05419921875,183.05419921875,0.054931640625,1783152860.9685977,0,3,0,0.0,0.18310546875,0.0
1783152861.0812387,55 53 0f ff 0f 00 cf 80 96 09 b3,-241,15,-32561,-1.3238525390625,0.0823974609375,-178.8629150390625,-0.0054931640625,-178.8629150390625,183.0596923828125,183.0596923828125,0.0823974609375,1783152861.068137,0,5,0,0.0,0.30517578125,0.0
1783152861.1806967,55 53 0f ff 11 00 ce 80 93 09 b1,-241,17,-32562,-1.3238525390625,0.0933837890625,-178.868408203125,-0.0054931640625,-178.868408203125,183.065185546875,183.065185546875,0.0933837890625,1783152861.16844,0,1,0,0.0,0.06103515625,0.0
1783152861.2805955,55 53 0f ff 11 00 cd 80 94 09 b1,-241,17,-32563,-1.3238525390625,0.0933837890625,-178.8739013671875,-0.0054931640625,-178.8739013671875,183.0706787109375,183.0706787109375,0.0933837890625,1783152861.267968,0,0,0,0.0,0.0,0.0
1783152861.3810718,55 53 0f ff 11 00 cd 80 93 09 b0,-241,17,-32563,-1.3238525390625,0.0933837890625,-178.8739013671875,0.0,-178.8739013671875,183.0706787109375,183.0706787109375,0.0933837890625,1783152861.3683426,0,0,0,0.0,0.0,0.0
1783152861.4804366,55 53 0f ff 0f 00 cd 80 91 09 ac,-241,15,-32563,-1.3238525390625,0.0823974609375,-178.8739013671875,0.0,-178.8739013671875,183.0706787109375,183.0706787109375,0.0823974609375,1783152861.468036,-1,-3,0,-0.06103515625,-0.18310546875,0.0
1783152861.5803668,55 53 10 ff 0b 00 ce 80 92 09 ab,-240,11,-32562,-1.318359375,0.0604248046875,-178.868408203125,0.0054931640625,-178.868408203125,183.065185546875,183.065185546875,0.0604248046875,1783152861.5682998,0,-4,0,0.0,-0.244140625,0.0
1783152861.6803982,55 53 10 ff 09 00 ce 80 93 09 aa,-240,9,-32562,-1.318359375,0.0494384765625,-178.868408203125,0.0,-178.868408203125,183.065185546875,183.065185546875,0.0494384765625,1783152861.6678936,0,2,0,0.0,0.1220703125,0.0
1783152861.7806494,55 53 10 ff 0e 00 ce 80 96 09 b2,-240,14,-32562,-1.318359375,0.076904296875,-178.868408203125,0.0,-178.868408203125,183.065185546875,183.065185546875,0.076904296875,1783152861.7682102,0,-1,0,0.0,-0.06103515625,0.0
1783152861.880244,55 53 10 ff 0d 00 ce 80 95 09 b0,-240,13,-32562,-1.318359375,0.0714111328125,-178.868408203125,0.0,-178.868408203125,183.065185546875,183.065185546875,0.0714111328125,1783152861.86804,0,2,0,0.0,0.1220703125,0.0
1783152861.9805994,55 53 11 ff 0b 00 ce 80 95 09 af,-239,11,-32562,-1.3128662109375,0.0604248046875,-178.868408203125,0.0,-178.868408203125,183.065185546875,183.065185546875,0.0604248046875,1783152861.9680624,0,0,0,0.0,0.0,0.0
1783152862.080302,55 53 11 ff 12 00 ce 80 93 09 b4,-239,18,-32562,-1.3128662109375,0.098876953125,-178.868408203125,0.0,-178.868408203125,183.065185546875,183.065185546875,0.098876953125,1783152862.0678372,-3,-2,0,-0.18310546875,-0.1220703125,0.0
1783152862.1806192,55 53 12 ff 14 00 cf 80 95 09 ba,-238,20,-32561,-1.307373046875,0.10986328125,-178.8629150390625,0.0054931640625,-178.8629150390625,183.0596923828125,183.0596923828125,0.10986328125,1783152862.16815,0,1,0,0.0,0.06103515625,0.0
1783152862.280273,55 53 12 ff 10 00 cf 80 93 09 b4,-238,16,-32561,-1.307373046875,0.087890625,-178.8629150390625,0.0,-178.8629150390625,183.0596923828125,183.0596923828125,0.087890625,1783152862.2678595,-1,-4,0,-0.06103515625,-0.244140625,0.0
1783152862.3804605,55 53 13 ff 0f 00 cf 80 94 09 b5,-237,15,-32561,-1.3018798828125,0.0823974609375,-178.8629150390625,0.0,-178.8629150390625,183.0596923828125,183.0596923828125,0.0823974609375,1783152862.3679762,0,1,0,0.0,0.06103515625,0.0
1783152862.480053,55 53 12 ff 0b 00 cf 80 97 09 b3,-238,11,-32561,-1.307373046875,0.0604248046875,-178.8629150390625,0.0,-178.8629150390625,183.0596923828125,183.0596923828125,0.0604248046875,1783152862.467288,0,0,0,0.0,0.0,0.0
1783152862.5801733,55 53 12 ff 0f 00 cf 80 94 09 b4,-238,15,-32561,-1.307373046875,0.0823974609375,-178.8629150390625,0.0,-178.8629150390625,183.0596923828125,183.0596923828125,0.0823974609375,1783152862.5677505,0,4,0,0.0,0.244140625,0.0
1783152862.680496,55 53 0f ff 0e 00 2c 81 94 09 0e,-241,14,-32468,-1.3238525390625,0.076904296875,-178.35205078125,0.5108642578125,-178.35205078125,182.548828125,182.548828125,0.076904296875,1783152862.6679232,0,3,-1,0.0,0.18310546875,-0.06103515625
1783152862.7802873,55 53 0f ff 0b 00 27 81 97 09 09,-241,11,-32473,-1.3238525390625,0.0604248046875,-178.3795166015625,-0.0274658203125,-178.3795166015625,182.5762939453125,182.5762939453125,0.0604248046875,1783152862.7676404,-2,-2,-2,-0.1220703125,-0.1220703125,-0.1220703125
1783152862.8802218,55 53 0e ff 08 00 23 81 95 09 ff,-242,8,-32477,-1.329345703125,0.0439453125,-178.4014892578125,-0.02197265625,-178.4014892578125,182.5982666015625,182.5982666015625,0.0439453125,1783152862.8674855,-1,-2,0,-0.06103515625,-0.1220703125,0.0
1783152862.9802759,55 53 0d ff 07 00 22 81 95 09 fc,-243,7,-32478,-1.3348388671875,0.0384521484375,-178.406982421875,-0.0054931640625,-178.406982421875,182.603759765625,182.603759765625,0.0384521484375,1783152862.9677677,-1,-1,-1,-0.06103515625,-0.06103515625,-0.06103515625
1783152863.080215,55 53 0d ff 06 00 1f 81 91 09 f4,-243,6,-32481,-1.3348388671875,0.032958984375,-178.4234619140625,-0.0164794921875,-178.4234619140625,182.6202392578125,182.6202392578125,0.032958984375,1783152863.0674984,-1,2,-1,-0.06103515625,0.1220703125,-0.06103515625
1783152863.180157,55 53 0d ff 06 00 1d 81 96 09 f7,-243,6,-32483,-1.3348388671875,0.032958984375,-178.4344482421875,-0.010986328125,-178.4344482421875,182.6312255859375,182.6312255859375,0.032958984375,1783152863.1676173,0,0,0,0.0,0.0,0.0
1783152863.2800999,55 53 0d ff 06 00 1c 81 96 09 f6,-243,6,-32484,-1.3348388671875,0.032958984375,-178.43994140625,-0.0054931640625,-178.43994140625,182.63671875,182.63671875,0.032958984375,1783152863.267524,0,3,0,0.0,0.18310546875,0.0
1783152863.380204,55 53 0d ff 07 00 1b 81 97 09 f7,-243,7,-32485,-1.3348388671875,0.0384521484375,-178.4454345703125,-0.0054931640625,-178.4454345703125,182.6422119140625,182.6422119140625,0.0384521484375,1783152863.3674517,0,0,0,0.0,0.0,0.0
1783152863.4800844,55 53 0d ff 05 00 1b 81 97 09 f5,-243,5,-32485,-1.3348388671875,0.0274658203125,-178.4454345703125,0.0,-178.4454345703125,182.6422119140625,182.6422119140625,0.0274658203125,1783152863.4674337,0,-1,0,0.0,-0.06103515625,0.0
1783152863.5800178,55 53 0e ff 04 00 1b 81 97 09 f5,-242,4,-32485,-1.329345703125,0.02197265625,-178.4454345703125,0.0,-178.4454345703125,182.6422119140625,182.6422119140625,0.02197265625,1783152863.5675209,0,0,0,0.0,0.0,0.0
1783152863.6798422,55 53 0e ff 06 00 1d 81 93 09 f5,-242,6,-32483,-1.329345703125,0.032958984375,-178.4344482421875,0.010986328125,-178.4344482421875,182.6312255859375,182.6312255859375,0.032958984375,1783152863.6672394,0,3,0,0.0,0.18310546875,0.0
1783152863.7801065,55 53 0e ff 06 00 1d 81 96 09 f8,-242,6,-32483,-1.329345703125,0.032958984375,-178.4344482421875,0.0,-178.4344482421875,182.6312255859375,182.6312255859375,0.032958984375,1783152863.7677727,1,4,0,0.06103515625,0.244140625,0.0
1783152863.879676,55 53 0f ff 09 00 1e 81 96 09 fd,-241,9,-32482,-1.3238525390625,0.0494384765625,-178.428955078125,0.0054931640625,-178.428955078125,182.625732421875,182.625732421875,0.0494384765625,1783152863.8674004,0,3,0,0.0,0.18310546875,0.0
1783152863.979936,55 53 0f ff 0d 00 1f 81 97 09 03,-241,13,-32481,-1.3238525390625,0.0714111328125,-178.4234619140625,0.0054931640625,-178.4234619140625,182.6202392578125,182.6202392578125,0.0714111328125,1783152863.96733,0,6,0,0.0,0.3662109375,0.0
1783152864.0795474,55 53 10 ff 0e 00 20 81 97 09 06,-240,14,-32480,-1.318359375,0.076904296875,-178.41796875,0.0054931640625,-178.41796875,182.61474609375,182.61474609375,0.076904296875,1783152864.0672197,0,-2,0,0.0,-0.1220703125,0.0
1783152864.1797175,55 53 11 ff 0a 00 21 81 96 09 03,-239,10,-32479,-1.3128662109375,0.054931640625,-178.4124755859375,0.0054931640625,-178.4124755859375,182.6092529296875,182.6092529296875,0.054931640625,1783152864.1673734,0,-3,0,0.0,-0.18310546875,0.0
1783152864.2795599,55 53 11 ff 0b 00 21 81 95 09 03,-239,11,-32479,-1.3128662109375,0.0604248046875,-178.4124755859375,0.0,-178.4124755859375,182.6092529296875,182.6092529296875,0.0604248046875,1783152864.2683306,0,1,0,0.0,0.06103515625,0.0
1783152864.3799276,55 53 11 ff 0c 00 22 81 93 09 03,-239,12,-32478,-1.3128662109375,0.06591796875,-178.406982421875,0.0054931640625,-178.406982421875,182.603759765625,182.603759765625,0.06591796875,1783152864.367442,0,0,0,0.0,0.0,0.0
1783152864.4796634,55 53 12 ff 0e 00 23 81 96 09 0a,-238,14,-32477,-1.307373046875,0.076904296875,-178.4014892578125,0.0054931640625,-178.4014892578125,182.5982666015625,182.5982666015625,0.076904296875,1783152864.4670815,0,3,0,0.0,0.18310546875,0.0
1783152864.5799675,55 53 12 ff 0e 00 23 81 9a 09 0e,-238,14,-32477,-1.307373046875,0.076904296875,-178.4014892578125,0.0,-178.4014892578125,182.5982666015625,182.5982666015625,0.076904296875,1783152864.5671957,-1,-1,0,-0.06103515625,-0.06103515625,0.0
1783152864.679544,55 53 11 ff 0b 00 24 81 99 09 0a,-239,11,-32476,-1.3128662109375,0.0604248046875,-178.39599609375,0.0054931640625,-178.39599609375,182.5927734375,182.5927734375,0.0604248046875,1783152864.6667902,-1,-3,0,-0.06103515625,-0.18310546875,0.0
1783152864.7799745,55 53 11 ff 0a 00 24 81 97 09 07,-239,10,-32476,-1.3128662109375,0.054931640625,-178.39599609375,0.0,-178.39599609375,182.5927734375,182.5927734375,0.054931640625,1783152864.7673428,0,1,0,0.0,0.06103515625,0.0
1783152864.87958,55 53 12 ff 0b 00 25 81 99 09 0c,-238,11,-32475,-1.307373046875,0.0604248046875,-178.3905029296875,0.0054931640625,-178.3905029296875,182.5872802734375,182.5872802734375,0.0604248046875,1783152864.8669136,0,2,0,0.0,0.1220703125,0.0
1783152864.9793715,55 53 12 ff 0d 00 25 81 9a 09 0f,-238,13,-32475,-1.307373046875,0.0714111328125,-178.3905029296875,0.0,-178.3905029296875,182.5872802734375,182.5872802734375,0.0714111328125,1783152864.9672472,0,2,0,0.0,0.1220703125,0.0
1783152865.0795386,55 53 12 ff 0c 00 25 81 98 09 0c,-238,12,-32475,-1.307373046875,0.06591796875,-178.3905029296875,0.0,-178.3905029296875,182.5872802734375,182.5872802734375,0.06591796875,1783152865.0671473,-1,-3,0,-0.06103515625,-0.18310546875,0.0
1783152865.1798582,55 53 11 ff 09 00 26 81 99 09 0a,-239,9,-32474,-1.3128662109375,0.0494384765625,-178.385009765625,0.0054931640625,-178.385009765625,182.581787109375,182.581787109375,0.0494384765625,1783152865.1669683,0,0,0,0.0,0.0,0.0
1783152865.2791326,55 53 12 ff 08 00 26 81 97 09 08,-238,8,-32474,-1.307373046875,0.0439453125,-178.385009765625,0.0,-178.385009765625,182.581787109375,182.581787109375,0.0439453125,1783152865.266469,0,0,0,0.0,0.0,0.0
1783152865.3799644,55 53 12 ff 08 00 27 81 98 09 0a,-238,8,-32473,-1.307373046875,0.0439453125,-178.3795166015625,0.0054931640625,-178.3795166015625,182.5762939453125,182.5762939453125,0.0439453125,1783152865.367139,0,1,0,0.0,0.06103515625,0.0
1783152865.479454,55 53 12 ff 07 00 27 81 97 09 08,-238,7,-32473,-1.307373046875,0.0384521484375,-178.3795166015625,0.0,-178.3795166015625,182.5762939453125,182.5762939453125,0.0384521484375,1783152865.4667194,0,0,0,0.0,0.0,0.0
1783152865.5796003,55 53 12 ff 07 00 27 81 95 09 06,-238,7,-32473,-1.307373046875,0.0384521484375,-178.3795166015625,0.0,-178.3795166015625,182.5762939453125,182.5762939453125,0.0384521484375,1783152865.5671184,0,0,0,0.0,0.0,0.0
